0,1
0,"C.R.C.,_c._1023"
0,"C.R.C.,_c._1035"
0,"C.R.C.,_c._1038"
0,"C.R.C.,_c._1041"
0,"C.R.C.,_c._1044"
0,"C.R.C.,_c._1111"
0,"C.R.C.,_c._1114"
0,"C.R.C.,_c._1120"
0,"C.R.C.,_c._1126"
0,"C.R.C.,_c._1130"
0,"C.R.C.,_c._1134"
0,"C.R.C.,_c._1145"
0,"C.R.C.,_c._1146"
0,"C.R.C.,_c._1147"
0,"C.R.C.,_c._1148"
0,"C.R.C.,_c._1152"
0,"C.R.C.,_c._1171"
0,"C.R.C.,_c._1195"
0,"C.R.C.,_c._1231"
0,"C.R.C.,_c._1232"
0,"C.R.C.,_c._1264"
0,"C.R.C.,_c._1266"
0,"C.R.C.,_c._1268"
0,"C.R.C.,_c._1270"
0,"C.R.C.,_c._1365"
0,"C.R.C.,_c._1370"
0,"C.R.C.,_c._1384"
0,"C.R.C.,_c._1400"
0,"C.R.C.,_c._1405"
0,"C.R.C.,_c._1416"
0,"C.R.C.,_c._1418"
0,"C.R.C.,_c._1430"
0,"C.R.C.,_c._1431"
0,"C.R.C.,_c._1432"
0,"C.R.C.,_c._1435"
0,"C.R.C.,_c._1436"
0,"C.R.C.,_c._1467"
0,"C.R.C.,_c._1486"
0,"C.R.C.,_c._1494"
0,"C.R.C.,_c._1498"
0,"C.R.C.,_c._1517"
0,"C.R.C.,_c._1522"
0,"C.R.C.,_c._1523"
0,"C.R.C.,_c._1524"
0,"C.R.C.,_c._1527"
0,"C.R.C.,_c._1548"
0,"C.R.C.,_c._1564"
0,"C.R.C.,_c._1604"
0,"C.R.C.,_c._1605"
0,"C.R.C.,_c._284"
0,"C.R.C.,_c._285"
0,"C.R.C.,_c._289"
0,"C.R.C.,_c._290"
0,"C.R.C.,_c._291"
0,"C.R.C.,_c._296"
0,"C.R.C.,_c._356"
0,"C.R.C.,_c._413"
0,"C.R.C.,_c._666"
0,"C.R.C.,_c._802"
0,"C.R.C.,_c._815"
0,"C.R.C.,_c._818"
0,"C.R.C.,_c._828"
0,"C.R.C.,_c._829"
0,"C.R.C.,_c._847"
0,"C.R.C.,_c._854"
0,"C.R.C.,_c._869"
0,"C.R.C.,_c._870"
0,"C.R.C.,_c._886"
0,"C.R.C.,_c._887"
0,"C.R.C.,_c._889"
0,"C.R.C.,_c._959"
0,"C.R.C.,_c._960"
0,"C.R.C.,_c._982"
0,"C.R.C.,_c._987"
0,SI-2003-2
0,SI-80-127
0,SI-80-128
0,SI-81-21
0,SI-81-22
0,SI-81-23
0,SI-90-155
0,SI-90-156
0,SI-91-110
0,SI-91-21
0,SI-98-81
0,SOR-2000-107
0,SOR-2000-187
0,SOR-2000-202
0,SOR-2000-203
0,SOR-2000-204
0,SOR-2000-205
0,SOR-2000-206
0,SOR-2000-207
0,SOR-2000-209
0,SOR-2000-210
0,SOR-2000-217
0,SOR-2000-260
0,SOR-2000-265
0,SOR-2000-272
0,SOR-2000-300
0,SOR-2000-43
0,SOR-2000-55
0,SOR-2001-115
0,SOR-2001-154
0,SOR-2001-220
0,SOR-2001-248
0,SOR-2001-269
0,SOR-2001-275
0,SOR-2001-84
0,SOR-2002-109
0,SOR-2002-164
0,SOR-2002-222
0,SOR-2002-25
0,SOR-2002-254
0,SOR-2002-301
0,SOR-2002-359
0,SOR-2002-445
0,SOR-2002-76
0,SOR-2003-105
0,SOR-2003-196
0,SOR-2003-2
0,SOR-2003-212
0,SOR-2003-283
0,SOR-2003-289
0,SOR-2003-307
0,SOR-2003-355
0,SOR-2003-363
0,SOR-2003-39
0,SOR-2003-79
0,SOR-2003-87
0,SOR-2004-112
0,SOR-2004-144
0,SOR-2004-155
0,SOR-2004-301
0,SOR-2005-134
0,SOR-2005-149
0,SOR-2005-180
0,SOR-2005-204
0,SOR-2005-205
0,SOR-2005-247
0,SOR-2005-248
0,SOR-2005-293
0,SOR-2005-294
0,SOR-2005-295
0,SOR-2005-313
0,SOR-2005-32
0,SOR-2005-379
0,SOR-2005-73
0,SOR-2006-102
0,SOR-2006-124
0,SOR-2006-260
0,SOR-2006-347
0,SOR-2006-354
0,SOR-2007-108
0,SOR-2007-115
0,SOR-2007-118
0,SOR-2007-125
0,SOR-2007-126
0,SOR-2007-128
0,SOR-2007-137
0,SOR-2007-237
0,SOR-2007-31
0,SOR-2007-66
0,SOR-2007-99
0,SOR-2008-120
0,SOR-2008-121
0,SOR-2008-124
0,SOR-2008-197
0,SOR-2008-273
0,SOR-2008-76
0,SOR-2008-97
0,SOR-2009-162
0,SOR-2009-17
0,SOR-2009-176
0,SOR-2009-197
0,SOR-2009-264
0,SOR-2009-315
0,SOR-2009-316
0,SOR-2009-317
0,SOR-2009-321
0,SOR-2010-120
0,SOR-2010-127
0,SOR-2010-189
0,SOR-2010-190
0,SOR-2010-201
0,SOR-2010-227
0,SOR-2010-270
0,SOR-2010-56
0,SOR-2010-67
0,SOR-2010-83
0,SOR-2010-90
0,SOR-2010-91
0,SOR-2011-10
0,SOR-2011-139
0,SOR-2011-17
0,SOR-2011-203
0,SOR-2011-237
0,SOR-2011-292
0,SOR-2011-318
0,SOR-2011-79
0,SOR-2011-87
0,SOR-2012-139
0,SOR-2012-147
0,SOR-2012-167
0,SOR-2012-285
0,SOR-2012-69
0,SOR-2013-178
0,SOR-2013-191
0,SOR-2013-198
0,SOR-2013-202
0,SOR-2013-211
0,SOR-2013-24
0,SOR-2013-69
0,SOR-2014-117
0,SOR-2014-177
0,SOR-2014-254
0,SOR-2014-275
0,SOR-2014-304
0,SOR-2014-37
0,SOR-2014-91
0,SOR-2014-95
0,SOR-2015-1
0,SOR-2015-121
0,SOR-2015-145
0,SOR-2015-17
0,SOR-2015-177
0,SOR-2015-181
0,SOR-2015-2
0,SOR-2015-26
0,SOR-2015-3
0,SOR-2015-4
0,SOR-2015-44
0,SOR-2015-5
0,SOR-2015-6
0,SOR-2016-124
0,SOR-2016-133
0,SOR-2016-151
0,SOR-2016-167
0,SOR-2016-175
0,SOR-2016-176
0,SOR-2016-182
0,SOR-2016-185
0,SOR-2016-187
0,SOR-2016-192
0,SOR-2016-193
0,SOR-2016-260
0,SOR-2016-280
0,SOR-2016-311
0,SOR-2016-317
0,SOR-2016-43
0,SOR-2017-106
0,SOR-2017-121
0,SOR-2017-14
0,SOR-2017-15
0,SOR-2017-286
0,SOR-2018-108
0,SOR-2018-119
0,SOR-2018-144
0,SOR-2018-151
0,SOR-2018-178
0,SOR-2018-196
0,SOR-2018-214
0,SOR-2018-217
0,SOR-2018-66
0,SOR-67-346
0,SOR-78-213
0,SOR-78-443
0,SOR-78-767
0,SOR-78-830
0,SOR-79-15
0,SOR-79-398
0,SOR-79-840
0,SOR-80-127
0,SOR-80-217
0,SOR-80-946
0,SOR-81-364
0,SOR-81-401
0,SOR-81-613
0,SOR-81-710
0,SOR-82-1015
0,SOR-82-1038
0,SOR-82-263
0,SOR-83-593
0,SOR-83-677
0,SOR-83-743
0,SOR-83-810
0,SOR-84-253
0,SOR-84-335
0,SOR-85-514
0,SOR-85-583
0,SOR-86-1004
0,SOR-86-1026
0,SOR-86-131
0,SOR-86-21
0,SOR-86-304
0,SOR-86-957
0,SOR-86-958
0,SOR-87-150
0,SOR-87-184
0,SOR-87-509
0,SOR-87-612
0,SOR-88-101
0,SOR-88-347
0,SOR-88-600
0,SOR-89-222
0,SOR-89-225
0,SOR-89-331
0,SOR-89-332
0,SOR-89-98
0,SOR-89-99
0,SOR-90-130
0,SOR-90-214
0,SOR-90-247
0,SOR-90-264
0,SOR-90-288
0,SOR-90-341
0,SOR-90-351
0,SOR-90-97
0,SOR-91-103
0,SOR-91-104
0,SOR-91-122
0,SOR-91-155
0,SOR-91-365
0,SOR-91-444
0,SOR-91-486
0,SOR-92-267
0,SOR-92-268
0,SOR-92-269
0,SOR-92-541
0,SOR-93-220
0,SOR-93-303
0,SOR-93-332
0,SOR-93-53
0,SOR-93-54
0,SOR-93-55
0,SOR-93-56
0,SOR-94-118
0,SOR-94-261
0,SOR-94-636
0,SOR-94-637
0,SOR-94-638
0,SOR-94-753
0,SOR-95-100
0,SOR-95-104
0,SOR-95-144
0,SOR-95-149
0,SOR-95-187
0,SOR-95-191
0,SOR-95-212
0,SOR-95-233
0,SOR-95-334
0,SOR-95-405
0,SOR-95-500
0,SOR-95-586
0,SOR-96-114
0,SOR-96-117
0,SOR-96-118
0,SOR-96-137
0,SOR-96-244
0,SOR-96-254
0,SOR-96-313
0,SOR-96-433
0,SOR-96-484
0,SOR-97-109
0,SOR-97-130
0,SOR-97-150
0,SOR-97-234
0,SOR-97-493
0,SOR-98-177
0,SOR-98-201
0,SOR-98-203
0,SOR-98-204
0,SOR-98-206
0,SOR-98-207
0,SOR-98-208
0,SOR-98-209
0,SOR-98-210
0,SOR-98-212
0,SOR-98-213
0,SOR-98-246
0,SOR-98-282
0,SOR-98-348
0,SOR-98-4
0,SOR-98-429
0,SOR-98-455
0,SOR-98-462
0,SOR-98-547
0,SOR-99-13
0,SOR-99-236
0,SOR-99-294
0,SOR-99-318
0,SOR-99-335
0,SOR-99-53
1,"C.R.C.,_c._150"
1,"C.R.C.,_c._646"
1,"C.R.C.,_c._647"
1,"C.R.C.,_c._660"
1,SOR-2000-283
1,SOR-2000-92
1,SOR-2002-142
1,SOR-2002-22
1,SOR-2002-34
1,SOR-2002-35
1,SOR-2002-36
1,SOR-2002-48
1,SOR-2003-274
1,SOR-2003-75
1,SOR-2016-236
1,SOR-79-158
1,SOR-86-8
1,SOR-87-209
1,SOR-87-242
1,SOR-87-40
1,SOR-87-516
1,SOR-89-512
1,SOR-90-231
1,SOR-91-84
2,"C.R.C.,_c._10"
2,"C.R.C.,_c._100"
2,"C.R.C.,_c._1013"
2,"C.R.C.,_c._1015"
2,"C.R.C.,_c._1021"
2,"C.R.C.,_c._1026"
2,"C.R.C.,_c._1045"
2,"C.R.C.,_c._1046"
2,"C.R.C.,_c._1055"
2,"C.R.C.,_c._1105"
2,"C.R.C.,_c._1151"
2,"C.R.C.,_c._1182"
2,"C.R.C.,_c._1183"
2,"C.R.C.,_c._1185"
2,"C.R.C.,_c._1225"
2,"C.R.C.,_c._1235"
2,"C.R.C.,_c._1236"
2,"C.R.C.,_c._1238"
2,"C.R.C.,_c._1239"
2,"C.R.C.,_c._1240"
2,"C.R.C.,_c._1241"
2,"C.R.C.,_c._1242"
2,"C.R.C.,_c._1244"
2,"C.R.C.,_c._1245"
2,"C.R.C.,_c._1247"
2,"C.R.C.,_c._1253"
2,"C.R.C.,_c._1295"
2,"C.R.C.,_c._1302"
2,"C.R.C.,_c._1304"
2,"C.R.C.,_c._1305"
2,"C.R.C.,_c._1306"
2,"C.R.C.,_c._1307"
2,"C.R.C.,_c._1308"
2,"C.R.C.,_c._1311"
2,"C.R.C.,_c._1312"
2,"C.R.C.,_c._1314"
2,"C.R.C.,_c._1315"
2,"C.R.C.,_c._1316"
2,"C.R.C.,_c._1317"
2,"C.R.C.,_c._1321"
2,"C.R.C.,_c._1328"
2,"C.R.C.,_c._1331"
2,"C.R.C.,_c._1333"
2,"C.R.C.,_c._1335"
2,"C.R.C.,_c._1336"
2,"C.R.C.,_c._1341"
2,"C.R.C.,_c._1342"
2,"C.R.C.,_c._1352"
2,"C.R.C.,_c._1354"
2,"C.R.C.,_c._1368"
2,"C.R.C.,_c._1375"
2,"C.R.C.,_c._1376"
2,"C.R.C.,_c._1377"
2,"C.R.C.,_c._1378"
2,"C.R.C.,_c._1379"
2,"C.R.C.,_c._1380"
2,"C.R.C.,_c._1381"
2,"C.R.C.,_c._1382"
2,"C.R.C.,_c._1394"
2,"C.R.C.,_c._14"
2,"C.R.C.,_c._1403"
2,"C.R.C.,_c._1404"
2,"C.R.C.,_c._1407"
2,"C.R.C.,_c._142"
2,"C.R.C.,_c._1422"
2,"C.R.C.,_c._1424"
2,"C.R.C.,_c._1425"
2,"C.R.C.,_c._1427"
2,"C.R.C.,_c._1429"
2,"C.R.C.,_c._1440"
2,"C.R.C.,_c._1441"
2,"C.R.C.,_c._1442"
2,"C.R.C.,_c._1448"
2,"C.R.C.,_c._1458"
2,"C.R.C.,_c._1465"
2,"C.R.C.,_c._1472"
2,"C.R.C.,_c._1479"
2,"C.R.C.,_c._1480"
2,"C.R.C.,_c._1482"
2,"C.R.C.,_c._1487"
2,"C.R.C.,_c._1495"
2,"C.R.C.,_c._1496"
2,"C.R.C.,_c._15"
2,"C.R.C.,_c._1504"
2,"C.R.C.,_c._1509"
2,"C.R.C.,_c._1516"
2,"C.R.C.,_c._1525"
2,"C.R.C.,_c._1526"
2,"C.R.C.,_c._1539"
2,"C.R.C.,_c._1547"
2,"C.R.C.,_c._1549"
2,"C.R.C.,_c._1550"
2,"C.R.C.,_c._1563"
2,"C.R.C.,_c._1582"
2,"C.R.C.,_c._1588"
2,"C.R.C.,_c._1593"
2,"C.R.C.,_c._1596"
2,"C.R.C.,_c._1597"
2,"C.R.C.,_c._16"
2,"C.R.C.,_c._1600"
2,"C.R.C.,_c._1607"
2,"C.R.C.,_c._1610"
2,"C.R.C.,_c._1611"
2,"C.R.C.,_c._1621"
2,"C.R.C.,_c._185"
2,"C.R.C.,_c._210"
2,"C.R.C.,_c._234"
2,"C.R.C.,_c._340"
2,"C.R.C.,_c._353"
2,"C.R.C.,_c._355"
2,"C.R.C.,_c._375"
2,"C.R.C.,_c._378"
2,"C.R.C.,_c._386"
2,"C.R.C.,_c._390"
2,"C.R.C.,_c._391"
2,"C.R.C.,_c._394"
2,"C.R.C.,_c._397"
2,"C.R.C.,_c._4"
2,"C.R.C.,_c._416"
2,"C.R.C.,_c._418"
2,"C.R.C.,_c._421"
2,"C.R.C.,_c._424"
2,"C.R.C.,_c._425"
2,"C.R.C.,_c._427"
2,"C.R.C.,_c._430"
2,"C.R.C.,_c._440"
2,"C.R.C.,_c._446"
2,"C.R.C.,_c._450"
2,"C.R.C.,_c._516"
2,"C.R.C.,_c._517"
2,"C.R.C.,_c._533"
2,"C.R.C.,_c._549"
2,"C.R.C.,_c._571"
2,"C.R.C.,_c._590"
2,"C.R.C.,_c._598"
2,"C.R.C.,_c._609"
2,"C.R.C.,_c._640"
2,"C.R.C.,_c._648"
2,"C.R.C.,_c._654"
2,"C.R.C.,_c._657"
2,"C.R.C.,_c._658"
2,"C.R.C.,_c._664"
2,"C.R.C.,_c._669"
2,"C.R.C.,_c._670"
2,"C.R.C.,_c._671"
2,"C.R.C.,_c._672"
2,"C.R.C.,_c._676"
2,"C.R.C.,_c._679"
2,"C.R.C.,_c._681"
2,"C.R.C.,_c._682"
2,"C.R.C.,_c._686"
2,"C.R.C.,_c._687"
2,"C.R.C.,_c._688"
2,"C.R.C.,_c._689"
2,"C.R.C.,_c._690"
2,"C.R.C.,_c._692"
2,"C.R.C.,_c._707"
2,"C.R.C.,_c._709"
2,"C.R.C.,_c._712"
2,"C.R.C.,_c._713"
2,"C.R.C.,_c._716"
2,"C.R.C.,_c._719"
2,"C.R.C.,_c._721"
2,"C.R.C.,_c._722"
2,"C.R.C.,_c._731"
2,"C.R.C.,_c._732"
2,"C.R.C.,_c._734"
2,"C.R.C.,_c._735"
2,"C.R.C.,_c._736"
2,"C.R.C.,_c._743"
2,"C.R.C.,_c._754"
2,"C.R.C.,_c._758"
2,"C.R.C.,_c._759"
2,"C.R.C.,_c._762"
2,"C.R.C.,_c._768"
2,"C.R.C.,_c._773"
2,"C.R.C.,_c._778"
2,"C.R.C.,_c._793"
2,"C.R.C.,_c._797"
2,"C.R.C.,_c._803"
2,"C.R.C.,_c._811"
2,"C.R.C.,_c._812"
2,"C.R.C.,_c._836"
2,"C.R.C.,_c._837"
2,"C.R.C.,_c._868"
2,"C.R.C.,_c._880"
2,"C.R.C.,_c._910"
2,"C.R.C.,_c._915"
2,"C.R.C.,_c._923"
2,"C.R.C.,_c._924"
2,"C.R.C.,_c._927"
2,"C.R.C.,_c._929"
2,"C.R.C.,_c._930"
2,"C.R.C.,_c._931"
2,"C.R.C.,_c._932"
2,"C.R.C.,_c._933"
2,"C.R.C.,_c._934"
2,"C.R.C.,_c._946"
2,"C.R.C.,_c._948"
2,"C.R.C.,_c._949"
2,"C.R.C.,_c._96"
2,"C.R.C.,_c._961"
2,"C.R.C.,_c._972"
2,"C.R.C.,_c._991"
2,"C.R.C.,_c._992"
2,SI-2000-100
2,SI-2000-101
2,SI-2000-102
2,SI-2000-103
2,SI-2000-104
2,SI-2000-111
2,SI-2000-16
2,SI-2000-23
2,SI-2000-53
2,SI-2000-54
2,SI-2000-82
2,SI-2000-84
2,SI-2000-90
2,SI-2000-99
2,SI-2001-109
2,SI-2001-120
2,SI-2001-23
2,SI-2001-27
2,SI-2001-45
2,SI-2001-47
2,SI-2001-50
2,SI-2001-51
2,SI-2001-60
2,SI-2001-68
2,SI-2001-69
2,SI-2001-73
2,SI-2001-74
2,SI-2001-93
2,SI-2001-96
2,SI-2001-99
2,SI-2002-10
2,SI-2002-123
2,SI-2002-142
2,SI-2002-160
2,SI-2002-58
2,SI-2002-60
2,SI-2002-61
2,SI-2002-62
2,SI-2002-9
2,SI-2003-103
2,SI-2003-107
2,SI-2003-130
2,SI-2003-146
2,SI-2003-148
2,SI-2003-149
2,SI-2003-156
2,SI-2003-188
2,SI-2003-202
2,SI-2003-203
2,SI-2003-204
2,SI-2003-208
2,SI-2003-209
2,SI-2003-210
2,SI-2003-214
2,SI-2003-215
2,SI-2003-216
2,SI-2003-217
2,SI-2003-221
2,SI-2003-222
2,SI-2003-226
2,SI-2003-227
2,SI-2003-228
2,SI-2003-229
2,SI-2003-230
2,SI-2003-231
2,SI-2003-232
2,SI-2003-233
2,SI-2003-240
2,SI-2003-244
2,SI-2003-38
2,SI-2003-58
2,SI-2003-93
2,SI-2004-100
2,SI-2004-101
2,SI-2004-102
2,SI-2004-103
2,SI-2004-109
2,SI-2004-112
2,SI-2004-122
2,SI-2004-123
2,SI-2004-13
2,SI-2004-132
2,SI-2004-133
2,SI-2004-135
2,SI-2004-136
2,SI-2004-138
2,SI-2004-14
2,SI-2004-148
2,SI-2004-153
2,SI-2004-16
2,SI-2004-35
2,SI-2004-36
2,SI-2004-41
2,SI-2004-43
2,SI-2004-44
2,SI-2004-48
2,SI-2004-55
2,SI-2004-6
2,SI-2004-7
2,SI-2004-8
2,SI-2004-86
2,SI-2004-87
2,SI-2004-88
2,SI-2004-90
2,SI-2005-106
2,SI-2005-113
2,SI-2005-114
2,SI-2005-115
2,SI-2005-118
2,SI-2005-120
2,SI-2005-124
2,SI-2005-125
2,SI-2005-17
2,SI-2005-2
2,SI-2005-48
2,SI-2005-50
2,SI-2005-65
2,SI-2005-71
2,SI-2005-72
2,SI-2005-73
2,SI-2005-8
2,SI-2005-83
2,SI-2005-9
2,SI-2005-91
2,SI-2006-10
2,SI-2006-100
2,SI-2006-101
2,SI-2006-109
2,SI-2006-11
2,SI-2006-110
2,SI-2006-124
2,SI-2006-128
2,SI-2006-134
2,SI-2006-135
2,SI-2006-141
2,SI-2006-144
2,SI-2006-16
2,SI-2006-17
2,SI-2006-18
2,SI-2006-22
2,SI-2006-23
2,SI-2006-26
2,SI-2006-27
2,SI-2006-28
2,SI-2006-29
2,SI-2006-30
2,SI-2006-31
2,SI-2006-32
2,SI-2006-37
2,SI-2006-38
2,SI-2006-39
2,SI-2006-4
2,SI-2006-40
2,SI-2006-45
2,SI-2006-46
2,SI-2006-47
2,SI-2006-51
2,SI-2006-61
2,SI-2006-62
2,SI-2006-63
2,SI-2006-64
2,SI-2006-69
2,SI-2006-71
2,SI-2006-72
2,SI-2006-73
2,SI-2006-74
2,SI-2006-75
2,SI-2006-76
2,SI-2006-77
2,SI-2006-79
2,SI-2006-80
2,SI-2006-85
2,SI-2006-89
2,SI-2006-97
2,SI-2006-98
2,SI-2007-101
2,SI-2007-102
2,SI-2007-103
2,SI-2007-115
2,SI-2007-13
2,SI-2007-14
2,SI-2007-37
2,SI-2007-57
2,SI-2007-61
2,SI-2007-68
2,SI-2007-69
2,SI-2007-80
2,SI-2007-87
2,SI-2008-102
2,SI-2008-103
2,SI-2008-104
2,SI-2008-136
2,SI-2008-148
2,SI-2008-15
2,SI-2008-16
2,SI-2008-20
2,SI-2008-23
2,SI-2008-26
2,SI-2008-27
2,SI-2008-28
2,SI-2008-53
2,SI-2008-55
2,SI-2008-69
2,SI-2008-70
2,SI-2008-95
2,SI-2008-99
2,SI-2009-104
2,SI-2009-110
2,SI-2009-20
2,SI-2009-45
2,SI-2009-46
2,SI-2009-95
2,SI-2010-14
2,SI-2010-18
2,SI-2010-42
2,SI-2010-45
2,SI-2010-46
2,SI-2010-54
2,SI-2010-76
2,SI-2010-81
2,SI-2010-83
2,SI-2010-84
2,SI-2011-100
2,SI-2011-11
2,SI-2011-111
2,SI-2011-48
2,SI-2011-56
2,SI-2011-58
2,SI-2011-59
2,SI-2011-60
2,SI-2011-66
2,SI-2011-67
2,SI-2011-68
2,SI-2011-69
2,SI-2011-77
2,SI-2011-91
2,SI-2011-92
2,SI-2011-93
2,SI-2011-94
2,SI-2011-95
2,SI-2011-96
2,SI-2012-12
2,SI-2012-20
2,SI-2012-23
2,SI-2012-24
2,SI-2012-25
2,SI-2012-27
2,SI-2012-39
2,SI-2012-45
2,SI-2012-46
2,SI-2012-50
2,SI-2012-58
2,SI-2012-59
2,SI-2012-60
2,SI-2012-72
2,SI-2012-76
2,SI-2012-78
2,SI-2012-80
2,SI-2012-81
2,SI-2012-82
2,SI-2012-83
2,SI-2013-109
2,SI-2013-110
2,SI-2013-114
2,SI-2013-27
2,SI-2013-28
2,SI-2013-29
2,SI-2013-30
2,SI-2013-40
2,SI-2013-41
2,SI-2013-43
2,SI-2013-51
2,SI-2013-56
2,SI-2013-62
2,SI-2013-64
2,SI-2013-7
2,SI-2013-87
2,SI-2013-90
2,SI-2013-96
2,SI-2014-11
2,SI-2014-13
2,SI-2014-19
2,SI-2014-21
2,SI-2014-27
2,SI-2014-30
2,SI-2014-38
2,SI-2014-41
2,SI-2014-63
2,SI-2014-73
2,SI-2015-100
2,SI-2015-101
2,SI-2015-102
2,SI-2015-103
2,SI-2015-104
2,SI-2015-105
2,SI-2015-106
2,SI-2015-107
2,SI-2015-108
2,SI-2015-109
2,SI-2015-110
2,SI-2015-111
2,SI-2015-112
2,SI-2015-13
2,SI-2015-15
2,SI-2015-2
2,SI-2015-24
2,SI-2015-3
2,SI-2015-35
2,SI-2015-39
2,SI-2015-52
2,SI-2015-62
2,SI-2015-74
2,SI-2015-93
2,SI-2015-94
2,SI-2015-95
2,SI-2015-96
2,SI-2015-97
2,SI-2015-98
2,SI-2015-99
2,SI-2016-18
2,SI-2016-19
2,SI-2016-20
2,SI-2016-21
2,SI-2016-31
2,SI-2016-32
2,SI-2016-39
2,SI-2016-40
2,SI-2016-43
2,SI-2016-46
2,SI-2016-48
2,SI-2016-49
2,SI-2016-55
2,SI-2016-63
2,SI-2016-8
2,SI-2017-10
2,SI-2017-11
2,SI-2017-12
2,SI-2017-17
2,SI-2017-24
2,SI-2017-25
2,SI-2017-29
2,SI-2017-30
2,SI-2017-35
2,SI-2017-36
2,SI-2017-4
2,SI-2017-40
2,SI-2017-45
2,SI-2017-46
2,SI-2017-5
2,SI-2017-55
2,SI-2017-56
2,SI-2017-6
2,SI-2017-61
2,SI-2017-64
2,SI-2017-7
2,SI-2017-71
2,SI-2017-72
2,SI-2017-74
2,SI-2017-75
2,SI-2017-77
2,SI-2017-78
2,SI-2017-79
2,SI-2017-8
2,SI-2017-9
2,SI-2018-13
2,SI-2018-14
2,SI-2018-16
2,SI-2018-17
2,SI-2018-20
2,SI-2018-33
2,SI-2018-40
2,SI-2018-44
2,SI-2018-51
2,SI-2018-55
2,SI-2018-58
2,SI-2018-59
2,SI-2018-60
2,SI-2018-61
2,SI-2018-62
2,SI-2018-63
2,SI-2018-66
2,SI-2018-67
2,SI-2018-68
2,SI-2018-69
2,SI-2018-70
2,SI-2018-71
2,SI-2018-72
2,SI-2018-73
2,SI-2018-74
2,SI-2018-75
2,SI-2018-76
2,SI-2018-77
2,SI-2018-78
2,SI-2018-79
2,SI-2018-80
2,SI-2018-86
2,SI-2018-88
2,SI-2018-89
2,SI-2018-90
2,SI-2018-91
2,SI-76-44
2,SI-78-165
2,SI-78-179
2,SI-78-65
2,SI-78-75
2,SI-79-10
2,SI-79-73
2,SI-80-108
2,SI-80-125
2,SI-80-8
2,SI-81-105
2,SI-81-11
2,SI-81-124
2,SI-81-16
2,SI-81-61
2,SI-81-81
2,SI-81-97
2,SI-82-104
2,SI-82-197
2,SI-82-221
2,SI-82-38
2,SI-83-108
2,SI-83-109
2,SI-83-113
2,SI-83-114
2,SI-83-207
2,SI-83-217
2,SI-83-221
2,SI-83-32
2,SI-83-72
2,SI-83-80
2,SI-83-96
2,SI-84-134
2,SI-84-35
2,SI-84-38
2,SI-85-108
2,SI-85-138
2,SI-85-200
2,SI-85-201
2,SI-85-202
2,SI-85-25
2,SI-85-70
2,SI-86-138
2,SI-86-139
2,SI-86-140
2,SI-86-177
2,SI-86-216
2,SI-86-45
2,SI-86-64
2,SI-86-78
2,SI-86-79
2,SI-86-91
2,SI-87-152
2,SI-87-210
2,SI-87-26
2,SI-87-36
2,SI-87-93
2,SI-88-116
2,SI-88-122
2,SI-88-129
2,SI-88-130
2,SI-88-137
2,SI-88-183
2,SI-88-188
2,SI-88-189
2,SI-88-227
2,SI-88-228
2,SI-88-239
2,SI-88-246
2,SI-88-41
2,SI-88-46
2,SI-88-47
2,SI-88-50
2,SI-88-68
2,SI-88-98
2,SI-89-103
2,SI-89-104
2,SI-89-122
2,SI-89-123
2,SI-89-128
2,SI-89-132
2,SI-89-140
2,SI-89-151
2,SI-89-172
2,SI-89-214
2,SI-89-215
2,SI-89-217
2,SI-89-231
2,SI-89-98
2,SI-90-11
2,SI-90-111
2,SI-90-114
2,SI-90-115
2,SI-90-15
2,SI-90-153
2,SI-90-29
2,SI-90-33
2,SI-90-39
2,SI-90-89
2,SI-91-104
2,SI-91-108
2,SI-91-13
2,SI-91-137
2,SI-91-146
2,SI-91-155
2,SI-91-35
2,SI-91-52
2,SI-91-53
2,SI-91-6
2,SI-91-71
2,SI-91-89
2,SI-92-109
2,SI-92-110
2,SI-92-119
2,SI-92-131
2,SI-92-133
2,SI-92-147
2,SI-92-158
2,SI-92-168
2,SI-92-169
2,SI-92-180
2,SI-92-181
2,SI-92-205
2,SI-92-222
2,SI-92-228
2,SI-92-35
2,SI-92-39
2,SI-92-42
2,SI-92-43
2,SI-92-73
2,SI-92-96
2,SI-92-97
2,SI-92-99
2,SI-93-10
2,SI-93-104
2,SI-93-108
2,SI-93-111
2,SI-93-112
2,SI-93-113
2,SI-93-117
2,SI-93-126
2,SI-93-138
2,SI-93-140
2,SI-93-141
2,SI-93-142
2,SI-93-144
2,SI-93-145
2,SI-93-146
2,SI-93-166
2,SI-93-167
2,SI-93-170
2,SI-93-173
2,SI-93-174
2,SI-93-200
2,SI-93-201
2,SI-93-202
2,SI-93-203
2,SI-93-225
2,SI-93-227
2,SI-93-228
2,SI-93-229
2,SI-93-232
2,SI-93-234
2,SI-93-235
2,SI-93-238
2,SI-93-240
2,SI-93-255
2,SI-93-27
2,SI-93-30
2,SI-93-32
2,SI-93-52
2,SI-93-76
2,SI-93-8
2,SI-93-81
2,SI-93-98
2,SI-94-106
2,SI-94-113
2,SI-94-130
2,SI-94-143
2,SI-94-147
2,SI-94-18
2,SI-94-28
2,SI-94-34
2,SI-94-47
2,SI-94-56
2,SI-94-57
2,SI-94-61
2,SI-94-70
2,SI-94-71
2,SI-94-8
2,SI-94-87
2,SI-95-102
2,SI-95-126
2,SI-95-2
2,SI-95-21
2,SI-95-22
2,SI-95-35
2,SI-95-36
2,SI-95-44
2,SI-95-45
2,SI-95-46
2,SI-95-47
2,SI-95-59
2,SI-95-64
2,SI-95-66
2,SI-95-68
2,SI-95-69
2,SI-95-79
2,SI-95-85
2,SI-96-16
2,SI-96-22
2,SI-96-24
2,SI-96-31
2,SI-96-36
2,SI-96-49
2,SI-96-52
2,SI-96-55
2,SI-96-66
2,SI-96-80
2,SI-96-82
2,SI-96-84
2,SI-96-85
2,SI-96-96
2,SI-97-104
2,SI-97-133
2,SI-97-5
2,SI-97-96
2,SI-98-4
2,SI-98-55
2,SI-98-57
2,SI-98-8
2,SI-98-89
2,SI-98-90
2,SI-98-91
2,SI-98-92
2,SI-98-97
2,SI-99-10
2,SI-99-128
2,SI-99-139
2,SI-99-140
2,SI-99-32
2,SI-99-42
2,SI-99-58
2,SI-99-60
2,SI-99-79
2,SI-99-80
2,SI-99-81
2,SI-99-9
2,SI-99-99
2,SOR-2000-108
2,SOR-2000-111
2,SOR-2000-112
2,SOR-2000-113
2,SOR-2000-131
2,SOR-2000-141
2,SOR-2000-142
2,SOR-2000-181
2,SOR-2000-208
2,SOR-2000-253
2,SOR-2000-277
2,SOR-2000-324
2,SOR-2000-376
2,SOR-2000-387
2,SOR-2000-418
2,SOR-2000-69
2,SOR-2000-7
2,SOR-2000-70
2,SOR-2000-71
2,SOR-2001-170
2,SOR-2001-177
2,SOR-2001-182
2,SOR-2001-205
2,SOR-2001-206
2,SOR-2001-211
2,SOR-2001-219
2,SOR-2001-227
2,SOR-2001-258
2,SOR-2001-261
2,SOR-2001-276
2,SOR-2001-286
2,SOR-2001-297
2,SOR-2001-37
2,SOR-2001-370
2,SOR-2001-371
2,SOR-2001-372
2,SOR-2001-373
2,SOR-2001-374
2,SOR-2001-375
2,SOR-2001-378
2,SOR-2001-379
2,SOR-2001-380
2,SOR-2001-381
2,SOR-2001-383
2,SOR-2001-384
2,SOR-2001-386
2,SOR-2001-400
2,SOR-2001-407
2,SOR-2001-408
2,SOR-2001-409
2,SOR-2001-410
2,SOR-2001-411
2,SOR-2001-412
2,SOR-2001-413
2,SOR-2001-414
2,SOR-2001-418
2,SOR-2001-426
2,SOR-2001-435
2,SOR-2001-451
2,SOR-2001-476
2,SOR-2001-496
2,SOR-2001-532
2,SOR-2001-6
2,SOR-2001-66
2,SOR-2001-7
2,SOR-2001-8
2,SOR-2002-101
2,SOR-2002-102
2,SOR-2002-103
2,SOR-2002-11
2,SOR-2002-146
2,SOR-2002-147
2,SOR-2002-148
2,SOR-2002-16
2,SOR-2002-172
2,SOR-2002-180
2,SOR-2002-195
2,SOR-2002-196
2,SOR-2002-215
2,SOR-2002-216
2,SOR-2002-223
2,SOR-2002-224
2,SOR-2002-227
2,SOR-2002-228
2,SOR-2002-231
2,SOR-2002-253
2,SOR-2002-259
2,SOR-2002-265
2,SOR-2002-266
2,SOR-2002-303
2,SOR-2002-307
2,SOR-2002-316
2,SOR-2002-317
2,SOR-2002-337
2,SOR-2002-339
2,SOR-2002-351
2,SOR-2002-371
2,SOR-2002-39
2,SOR-2002-400
2,SOR-2002-415
2,SOR-2002-420
2,SOR-2002-421
2,SOR-2002-422
2,SOR-2002-47
2,SOR-2002-63
2,SOR-2003-125
2,SOR-2003-174
2,SOR-2003-175
2,SOR-2003-180
2,SOR-2003-181
2,SOR-2003-185
2,SOR-2003-186
2,SOR-2003-192
2,SOR-2003-201
2,SOR-2003-204
2,SOR-2003-207
2,SOR-2003-215
2,SOR-2003-243
2,SOR-2003-244
2,SOR-2003-245
2,SOR-2003-261
2,SOR-2003-267
2,SOR-2003-30
2,SOR-2003-309
2,SOR-2003-31
2,SOR-2003-310
2,SOR-2003-312
2,SOR-2003-313
2,SOR-2003-343
2,SOR-2003-357
2,SOR-2003-374
2,SOR-2003-429
2,SOR-2003-430
2,SOR-2003-51
2,SOR-2003-60
2,SOR-2003-78
2,SOR-2004-105
2,SOR-2004-113
2,SOR-2004-136
2,SOR-2004-137
2,SOR-2004-156
2,SOR-2004-187
2,SOR-2004-219
2,SOR-2004-220
2,SOR-2004-257
2,SOR-2004-284
2,SOR-2004-293
2,SOR-2004-305
2,SOR-2004-306
2,SOR-2004-307
2,SOR-2004-310
2,SOR-2004-321
2,SOR-2004-322
2,SOR-2004-69
2,SOR-2004-8
2,SOR-2004-93
2,SOR-2004-96
2,SOR-2005-1
2,SOR-2005-103
2,SOR-2005-109
2,SOR-2005-112
2,SOR-2005-120
2,SOR-2005-127
2,SOR-2005-132
2,SOR-2005-138
2,SOR-2005-16
2,SOR-2005-178
2,SOR-2005-2
2,SOR-2005-220
2,SOR-2005-226
2,SOR-2005-232
2,SOR-2005-257
2,SOR-2005-280
2,SOR-2005-291
2,SOR-2005-309
2,SOR-2005-328
2,SOR-2005-346
2,SOR-2005-347
2,SOR-2005-35
2,SOR-2005-352
2,SOR-2005-353
2,SOR-2005-37
2,SOR-2005-375
2,SOR-2005-376
2,SOR-2005-377
2,SOR-2005-399
2,SOR-2005-404
2,SOR-2005-41
2,SOR-2005-43
2,SOR-2005-59
2,SOR-2005-60
2,SOR-2005-78
2,SOR-2006-114
2,SOR-2006-115
2,SOR-2006-129
2,SOR-2006-137
2,SOR-2006-139
2,SOR-2006-15
2,SOR-2006-168
2,SOR-2006-190
2,SOR-2006-195
2,SOR-2006-243
2,SOR-2006-245
2,SOR-2006-246
2,SOR-2006-247
2,SOR-2006-252
2,SOR-2006-288
2,SOR-2006-298
2,SOR-2006-310
2,SOR-2006-311
2,SOR-2006-312
2,SOR-2006-313
2,SOR-2006-318
2,SOR-2006-319
2,SOR-2006-320
2,SOR-2006-321
2,SOR-2006-330
2,SOR-2006-337
2,SOR-2006-338
2,SOR-2006-355
2,SOR-2006-36
2,SOR-2006-92
2,SOR-2006-95
2,SOR-2007-123
2,SOR-2007-127
2,SOR-2007-134
2,SOR-2007-135
2,SOR-2007-151
2,SOR-2007-165
2,SOR-2007-173
2,SOR-2007-174
2,SOR-2007-193
2,SOR-2007-194
2,SOR-2007-240
2,SOR-2007-244
2,SOR-2007-25
2,SOR-2007-260
2,SOR-2007-282
2,SOR-2007-286
2,SOR-2007-294
2,SOR-2007-299
2,SOR-2007-63
2,SOR-2007-67
2,SOR-2007-71
2,SOR-2007-77
2,SOR-2007-82
2,SOR-2007-86
2,SOR-2008-102
2,SOR-2008-109
2,SOR-2008-115
2,SOR-2008-117
2,SOR-2008-163
2,SOR-2008-167
2,SOR-2008-178
2,SOR-2008-196
2,SOR-2008-208
2,SOR-2008-209
2,SOR-2008-210
2,SOR-2008-212
2,SOR-2008-218
2,SOR-2008-231
2,SOR-2008-236
2,SOR-2008-247
2,SOR-2008-249
2,SOR-2008-275
2,SOR-2008-292
2,SOR-2008-45
2,SOR-2008-47
2,SOR-2008-48
2,SOR-2008-68
2,SOR-2008-69
2,SOR-2008-79
2,SOR-2009-110
2,SOR-2009-112
2,SOR-2009-14
2,SOR-2009-145
2,SOR-2009-15
2,SOR-2009-177
2,SOR-2009-183
2,SOR-2009-193
2,SOR-2009-198
2,SOR-2009-202
2,SOR-2009-211
2,SOR-2009-214
2,SOR-2009-217
2,SOR-2009-277
2,SOR-2009-278
2,SOR-2009-298
2,SOR-2009-336
2,SOR-2009-67
2,SOR-2009-68
2,SOR-2009-89
2,SOR-2010-110
2,SOR-2010-116
2,SOR-2010-135
2,SOR-2010-138
2,SOR-2010-148
2,SOR-2010-156
2,SOR-2010-158
2,SOR-2010-161
2,SOR-2010-166
2,SOR-2010-171
2,SOR-2010-203
2,SOR-2010-21
2,SOR-2010-230
2,SOR-2010-231
2,SOR-2010-232
2,SOR-2010-233
2,SOR-2010-235
2,SOR-2010-236
2,SOR-2010-237
2,SOR-2010-238
2,SOR-2010-261
2,SOR-2010-273
2,SOR-2010-28
2,SOR-2010-282
2,SOR-2010-29
2,SOR-2010-298
2,SOR-2010-52
2,SOR-2010-62
2,SOR-2011-100
2,SOR-2011-115
2,SOR-2011-122
2,SOR-2011-130
2,SOR-2011-131
2,SOR-2011-142
2,SOR-2011-15
2,SOR-2011-16
2,SOR-2011-168
2,SOR-2011-18
2,SOR-2011-180
2,SOR-2011-19
2,SOR-2011-20
2,SOR-2011-204
2,SOR-2011-21
2,SOR-2011-215
2,SOR-2011-22
2,SOR-2011-227
2,SOR-2011-230
2,SOR-2011-246
2,SOR-2011-247
2,SOR-2011-248
2,SOR-2011-249
2,SOR-2011-250
2,SOR-2011-251
2,SOR-2011-254
2,SOR-2011-255
2,SOR-2011-265
2,SOR-2011-52
2,SOR-2011-62
2,SOR-2011-65
2,SOR-2011-90
2,SOR-2011-91
2,SOR-2012-134
2,SOR-2012-138
2,SOR-2012-146
2,SOR-2012-148
2,SOR-2012-149
2,SOR-2012-170
2,SOR-2012-179
2,SOR-2012-222
2,SOR-2012-226
2,SOR-2012-230
2,SOR-2012-264
2,SOR-2012-267
2,SOR-2012-293
2,SOR-2012-34
2,SOR-2012-36
2,SOR-2012-83
2,SOR-2012-87
2,SOR-2013-120
2,SOR-2013-138
2,SOR-2013-139
2,SOR-2013-140
2,SOR-2013-141
2,SOR-2013-142
2,SOR-2013-162
2,SOR-2013-19
2,SOR-2013-221
2,SOR-2013-35
2,SOR-2013-50
2,SOR-2013-58
2,SOR-2013-63
2,SOR-2013-87
2,SOR-2014-121
2,SOR-2014-128
2,SOR-2014-18
2,SOR-2014-189
2,SOR-2014-192
2,SOR-2014-198
2,SOR-2014-200
2,SOR-2014-217
2,SOR-2014-220
2,SOR-2014-233
2,SOR-2014-234
2,SOR-2014-236
2,SOR-2014-253
2,SOR-2014-258
2,SOR-2014-265
2,SOR-2014-276
2,SOR-2014-277
2,SOR-2014-279
2,SOR-2014-280
2,SOR-2014-281
2,SOR-2014-299
2,SOR-2014-38
2,SOR-2014-55
2,SOR-2014-59
2,SOR-2014-61
2,SOR-2014-70
2,SOR-2015-105
2,SOR-2015-12
2,SOR-2015-13
2,SOR-2015-14
2,SOR-2015-15
2,SOR-2015-16
2,SOR-2015-164
2,SOR-2015-240
2,SOR-2015-241
2,SOR-2015-36
2,SOR-2015-80
2,SOR-2015-97
2,SOR-2016-108
2,SOR-2016-129
2,SOR-2016-148
2,SOR-2016-155
2,SOR-2016-165
2,SOR-2016-168
2,SOR-2016-173
2,SOR-2016-178
2,SOR-2016-180
2,SOR-2016-181
2,SOR-2016-186
2,SOR-2016-19
2,SOR-2016-190
2,SOR-2016-191
2,SOR-2016-20
2,SOR-2016-208
2,SOR-2016-231
2,SOR-2016-244
2,SOR-2016-25
2,SOR-2016-281
2,SOR-2016-42
2,SOR-2016-5
2,SOR-2016-62
2,SOR-2016-70
2,SOR-2016-77
2,SOR-2016-81
2,SOR-2016-82
2,SOR-2016-83
2,SOR-2016-84
2,SOR-2016-85
2,SOR-2016-86
2,SOR-2016-93
2,SOR-2017-107
2,SOR-2017-108
2,SOR-2017-109
2,SOR-2017-141
2,SOR-2017-159
2,SOR-2017-162
2,SOR-2017-170
2,SOR-2017-175
2,SOR-2017-178
2,SOR-2017-205
2,SOR-2017-222
2,SOR-2017-232
2,SOR-2017-262
2,SOR-2017-263
2,SOR-2017-264
2,SOR-2017-265
2,SOR-2017-266
2,SOR-2017-267
2,SOR-2017-40
2,SOR-2017-61
2,SOR-2017-73
2,SOR-2017-87
2,SOR-2018-146
2,SOR-2018-148
2,SOR-2018-156
2,SOR-2018-157
2,SOR-2018-158
2,SOR-2018-159
2,SOR-2018-166
2,SOR-2018-168
2,SOR-2018-169
2,SOR-2018-176
2,SOR-2018-179
2,SOR-2018-182
2,SOR-2018-183
2,SOR-2018-194
2,SOR-2018-208
2,SOR-2018-209
2,SOR-2018-35
2,SOR-2018-36
2,SOR-2018-46
2,SOR-2018-47
2,SOR-2018-64
2,SOR-57-216
2,SOR-67-619
2,SOR-74-431
2,SOR-76-40
2,SOR-77-664
2,SOR-77-665
2,SOR-78-136
2,SOR-78-148
2,SOR-78-151
2,SOR-78-168
2,SOR-78-204
2,SOR-78-223
2,SOR-78-415
2,SOR-78-417
2,SOR-78-442
2,SOR-78-445
2,SOR-78-509
2,SOR-78-587
2,SOR-78-609
2,SOR-78-73
2,SOR-78-748
2,SOR-78-793
2,SOR-79-101
2,SOR-79-108
2,SOR-79-143
2,SOR-79-154
2,SOR-79-276
2,SOR-79-379
2,SOR-79-430
2,SOR-79-476
2,SOR-79-477
2,SOR-79-542
2,SOR-79-554
2,SOR-79-732
2,SOR-79-82
2,SOR-80-167
2,SOR-80-336
2,SOR-80-394
2,SOR-80-482
2,SOR-80-515
2,SOR-80-55
2,SOR-80-587
2,SOR-80-629
2,SOR-80-64
2,SOR-80-686
2,SOR-80-748
2,SOR-80-76
2,SOR-80-810
2,SOR-80-82
2,SOR-80-831
2,SOR-80-9
2,SOR-80-957
2,SOR-81-1034
2,SOR-81-235
2,SOR-81-295
2,SOR-81-319
2,SOR-81-375
2,SOR-81-456
2,SOR-81-543
2,SOR-81-552
2,SOR-81-569
2,SOR-81-609
2,SOR-81-690
2,SOR-81-745
2,SOR-81-798
2,SOR-81-907
2,SOR-81-951
2,SOR-82-16
2,SOR-82-17
2,SOR-82-186
2,SOR-82-207
2,SOR-82-215
2,SOR-82-276
2,SOR-82-281
2,SOR-82-361a
2,SOR-82-361b
2,SOR-82-448
2,SOR-82-464
2,SOR-82-480
2,SOR-82-494
2,SOR-82-550
2,SOR-82-602
2,SOR-82-676
2,SOR-82-832
2,SOR-82-956
2,SOR-82-995
2,SOR-82-996
2,SOR-83-148
2,SOR-83-149
2,SOR-83-172
2,SOR-83-188
2,SOR-83-196
2,SOR-83-201
2,SOR-83-212
2,SOR-83-214
2,SOR-83-461
2,SOR-83-507
2,SOR-83-508
2,SOR-83-553
2,SOR-83-581
2,SOR-83-606
2,SOR-83-607
2,SOR-83-608
2,SOR-83-674
2,SOR-83-680
2,SOR-83-681
2,SOR-83-736
2,SOR-83-748
2,SOR-83-784
2,SOR-83-79
2,SOR-83-856
2,SOR-84-125
2,SOR-84-155
2,SOR-84-156
2,SOR-84-20
2,SOR-84-21
2,SOR-84-22
2,SOR-84-23
2,SOR-84-24
2,SOR-84-25
2,SOR-84-26
2,SOR-84-27
2,SOR-84-271
2,SOR-84-349
2,SOR-84-383
2,SOR-84-394
2,SOR-84-592
2,SOR-84-665
2,SOR-84-707
2,SOR-84-708
2,SOR-84-764
2,SOR-84-886
2,SOR-84-962
2,SOR-85-1003
2,SOR-85-1033
2,SOR-85-1034
2,SOR-85-1035
2,SOR-85-1084
2,SOR-85-1134
2,SOR-85-154
2,SOR-85-192
2,SOR-85-379
2,SOR-85-38
2,SOR-85-546
2,SOR-85-627
2,SOR-85-658
2,SOR-85-781
2,SOR-85-872
2,SOR-86-1007
2,SOR-86-1049
2,SOR-86-108
2,SOR-86-1123
2,SOR-86-28
2,SOR-86-305
2,SOR-86-359
2,SOR-86-360
2,SOR-86-419
2,SOR-86-461
2,SOR-86-501
2,SOR-86-547
2,SOR-86-60
2,SOR-86-61
2,SOR-86-631
2,SOR-86-687
2,SOR-86-750
2,SOR-86-766
2,SOR-86-791
2,SOR-86-814
2,SOR-86-922
2,SOR-86-951
2,SOR-86-962
2,SOR-86-972
2,SOR-86-974
2,SOR-87-181
2,SOR-87-182
2,SOR-87-183
2,SOR-87-24
2,SOR-87-240
2,SOR-87-259
2,SOR-87-278
2,SOR-87-286
2,SOR-87-287
2,SOR-87-322
2,SOR-87-331
2,SOR-87-443
2,SOR-87-49
2,SOR-87-543
2,SOR-87-58
2,SOR-87-592
2,SOR-87-731
2,SOR-87-91
2,SOR-88-151
2,SOR-88-174
2,SOR-88-216
2,SOR-88-258
2,SOR-88-262
2,SOR-88-288
2,SOR-88-318
2,SOR-88-344
2,SOR-88-361
2,SOR-88-362
2,SOR-88-366
2,SOR-88-367
2,SOR-88-379
2,SOR-88-381
2,SOR-88-397
2,SOR-88-398
2,SOR-88-399
2,SOR-88-400
2,SOR-88-464
2,SOR-88-500
2,SOR-88-501
2,SOR-88-502
2,SOR-88-504
2,SOR-88-518
2,SOR-88-522
2,SOR-88-528
2,SOR-88-529
2,SOR-88-574
2,SOR-88-575
2,SOR-88-576
2,SOR-88-577
2,SOR-88-590
2,SOR-88-591
2,SOR-88-592
2,SOR-88-593
2,SOR-88-595
2,SOR-88-64
2,SOR-88-652
2,SOR-88-66
2,SOR-89-106
2,SOR-89-131
2,SOR-89-132
2,SOR-89-133
2,SOR-89-134
2,SOR-89-187
2,SOR-89-206
2,SOR-89-207
2,SOR-89-221
2,SOR-89-235
2,SOR-89-254
2,SOR-89-255
2,SOR-89-265
2,SOR-89-298
2,SOR-89-31
2,SOR-89-408
2,SOR-89-421
2,SOR-89-440
2,SOR-89-446
2,SOR-89-488
2,SOR-89-514
2,SOR-89-533
2,SOR-89-538
2,SOR-89-71
2,SOR-90-105
2,SOR-90-106
2,SOR-90-115
2,SOR-90-116
2,SOR-90-149
2,SOR-90-162
2,SOR-90-163
2,SOR-90-164
2,SOR-90-21
2,SOR-90-234
2,SOR-90-245
2,SOR-90-303
2,SOR-90-358
2,SOR-90-375
2,SOR-90-377
2,SOR-90-39
2,SOR-90-430
2,SOR-90-45
2,SOR-90-46
2,SOR-90-5
2,SOR-90-54
2,SOR-90-59
2,SOR-90-610
2,SOR-90-672
2,SOR-90-700
2,SOR-90-706
2,SOR-90-729
2,SOR-90-763
2,SOR-90-791
2,SOR-90-98
2,SOR-91-107
2,SOR-91-152
2,SOR-91-168
2,SOR-91-19
2,SOR-91-2
2,SOR-91-20
2,SOR-91-23
2,SOR-91-24
2,SOR-91-242
2,SOR-91-243
2,SOR-91-27
2,SOR-91-29
2,SOR-91-3
2,SOR-91-38
2,SOR-91-4
2,SOR-91-41
2,SOR-91-42
2,SOR-91-519
2,SOR-91-575
2,SOR-91-594
2,SOR-91-659
2,SOR-91-661
2,SOR-91-690
2,SOR-91-696
2,SOR-91-74
2,SOR-91-8
2,SOR-91-94
2,SOR-92-156
2,SOR-92-19
2,SOR-92-210
2,SOR-92-256
2,SOR-92-257
2,SOR-92-260
2,SOR-92-263
2,SOR-92-276
2,SOR-92-282
2,SOR-92-283
2,SOR-92-284
2,SOR-92-285
2,SOR-92-298
2,SOR-92-302
2,SOR-92-446
2,SOR-92-48
2,SOR-92-507
2,SOR-92-520
2,SOR-92-535
2,SOR-92-631
2,SOR-92-636
2,SOR-92-676
2,SOR-92-688
2,SOR-93-194
2,SOR-93-23
2,SOR-93-264
2,SOR-93-272
2,SOR-93-282
2,SOR-93-295
2,SOR-93-3
2,SOR-93-312
2,SOR-93-313
2,SOR-93-365
2,SOR-93-384
2,SOR-93-391
2,SOR-93-4
2,SOR-93-418
2,SOR-93-420
2,SOR-93-436
2,SOR-93-45
2,SOR-93-48
2,SOR-93-480
2,SOR-93-481
2,SOR-93-482
2,SOR-93-484
2,SOR-93-485
2,SOR-93-515
2,SOR-93-536
2,SOR-93-580
2,SOR-93-611
2,SOR-93-612
2,SOR-93-65
2,SOR-93-76
2,SOR-94-117
2,SOR-94-225
2,SOR-94-27
2,SOR-94-281
2,SOR-94-282
2,SOR-94-290
2,SOR-94-299
2,SOR-94-300
2,SOR-94-334
2,SOR-94-42
2,SOR-94-463
2,SOR-94-478
2,SOR-94-496
2,SOR-94-501
2,SOR-94-537
2,SOR-94-549
2,SOR-94-558
2,SOR-94-562
2,SOR-94-563
2,SOR-94-565
2,SOR-94-581
2,SOR-94-582
2,SOR-94-639
2,SOR-94-651
2,SOR-94-716
2,SOR-94-73
2,SOR-94-734
2,SOR-94-735
2,SOR-94-74
2,SOR-94-75
2,SOR-94-752
2,SOR-94-755
2,SOR-94-76
2,SOR-94-782
2,SOR-94-789
2,SOR-95-103
2,SOR-95-123
2,SOR-95-148
2,SOR-95-153b
2,SOR-95-154
2,SOR-95-157
2,SOR-95-189
2,SOR-95-190
2,SOR-95-199
2,SOR-95-210
2,SOR-95-22
2,SOR-95-280
2,SOR-95-294
2,SOR-95-295
2,SOR-95-302
2,SOR-95-31
2,SOR-95-319
2,SOR-95-320
2,SOR-95-340
2,SOR-95-342
2,SOR-95-351
2,SOR-95-380
2,SOR-95-381
2,SOR-95-406
2,SOR-95-424
2,SOR-95-479
2,SOR-95-538
2,SOR-95-552
2,SOR-95-579
2,SOR-95-588
2,SOR-95-92
2,SOR-96-134
2,SOR-96-180
2,SOR-96-194
2,SOR-96-202
2,SOR-96-207
2,SOR-96-280
2,SOR-96-295
2,SOR-96-319
2,SOR-96-322
2,SOR-96-383
2,SOR-96-446
2,SOR-96-453
2,SOR-96-470
2,SOR-96-5
2,SOR-96-544
2,SOR-96-68
2,SOR-96-78
2,SOR-96-8
2,SOR-97-10
2,SOR-97-121
2,SOR-97-138
2,SOR-97-155
2,SOR-97-164
2,SOR-97-173
2,SOR-97-180
2,SOR-97-194
2,SOR-97-229
2,SOR-97-237
2,SOR-97-238
2,SOR-97-353
2,SOR-97-375
2,SOR-97-390
2,SOR-97-391
2,SOR-97-399
2,SOR-97-429
2,SOR-97-449
2,SOR-97-450
2,SOR-97-468
2,SOR-97-479
2,SOR-97-501
2,SOR-97-540
2,SOR-97-57
2,SOR-97-58
2,SOR-97-60
2,SOR-97-61
2,SOR-98-126
2,SOR-98-156
2,SOR-98-159
2,SOR-98-176
2,SOR-98-181
2,SOR-98-182
2,SOR-98-188
2,SOR-98-202
2,SOR-98-205
2,SOR-98-211
2,SOR-98-245
2,SOR-98-256
2,SOR-98-261
2,SOR-98-284
2,SOR-98-288
2,SOR-98-30
2,SOR-98-307
2,SOR-98-337
2,SOR-98-338
2,SOR-98-34
2,SOR-98-349
2,SOR-98-351
2,SOR-98-40
2,SOR-98-400
2,SOR-98-41
2,SOR-98-414
2,SOR-98-432
2,SOR-98-438
2,SOR-98-446
2,SOR-98-447
2,SOR-98-46
2,SOR-98-464
2,SOR-98-465
2,SOR-98-466
2,SOR-98-474
2,SOR-98-5
2,SOR-98-50
2,SOR-98-56
2,SOR-98-570
2,SOR-98-576
2,SOR-98-578
2,SOR-98-59
2,SOR-98-593
2,SOR-98-594
2,SOR-98-9
2,SOR-99-114
2,SOR-99-12
2,SOR-99-143
2,SOR-99-15
2,SOR-99-175
2,SOR-99-177
2,SOR-99-191
2,SOR-99-194
2,SOR-99-238
2,SOR-99-244
2,SOR-99-253
2,SOR-99-273
2,SOR-99-298
2,SOR-99-308
2,SOR-99-317
2,SOR-99-325
2,SOR-99-348
2,SOR-99-382
2,SOR-99-384
2,SOR-99-410
2,SOR-99-422
2,SOR-99-451
2,SOR-99-7
2,SOR-99-86
2,SOR-99-93
2,SOR-99-94
3,"C.R.C.,_c._1022"
3,"C.R.C.,_c._1033"
3,"C.R.C.,_c._1050"
3,"C.R.C.,_c._1246"
3,"C.R.C.,_c._1355"
3,"C.R.C.,_c._1356"
3,"C.R.C.,_c._1357"
3,"C.R.C.,_c._1358"
3,"C.R.C.,_c._1359"
3,"C.R.C.,_c._1360"
3,"C.R.C.,_c._1390"
3,"C.R.C.,_c._1392"
3,"C.R.C.,_c._1393"
3,"C.R.C.,_c._1511"
3,"C.R.C.,_c._1575"
3,"C.R.C.,_c._1581"
3,"C.R.C.,_c._1584"
3,"C.R.C.,_c._1585"
3,"C.R.C.,_c._1586"
3,"C.R.C.,_c._1587"
3,"C.R.C.,_c._1599"
3,"C.R.C.,_c._1601"
3,"C.R.C.,_c._1602"
3,"C.R.C.,_c._1622"
3,"C.R.C.,_c._1623"
3,"C.R.C.,_c._316"
3,"C.R.C.,_c._317"
3,"C.R.C.,_c._319"
3,"C.R.C.,_c._334"
3,"C.R.C.,_c._342"
3,"C.R.C.,_c._385"
3,"C.R.C.,_c._395"
3,"C.R.C.,_c._396"
3,"C.R.C.,_c._401"
3,"C.R.C.,_c._554"
3,"C.R.C.,_c._879"
3,"C.R.C.,_c._985"
3,SI-2001-72
3,SI-2001-81
3,SI-2002-1
3,SI-2003-155
3,SI-2003-159
3,SI-2003-173
3,SI-2003-4
3,SI-2003-42
3,SI-2003-5
3,SI-2003-6
3,SI-2004-164
3,SI-2004-34
3,SI-2006-121
3,SI-2006-122
3,SI-2006-123
3,SI-2008-25
3,SI-2009-87
3,SI-2010-13
3,SI-2011-89
3,SI-2011-90
3,SI-2012-26
3,SI-2013-129
3,SI-2014-15
3,SI-2014-67
3,SI-2014-89
3,SI-2015-72
3,SI-2016-71
3,SI-2017-15
3,SI-2017-41
3,SI-2017-49
3,SI-2017-50
3,SI-79-40
3,SI-79-7
3,SI-81-125
3,SI-81-28
3,SI-82-105
3,SI-82-73
3,SI-83-166
3,SI-88-127
3,SI-89-147
3,SI-90-52
3,SI-90-73
3,SI-90-8
3,SI-90-95
3,SI-91-115
3,SI-91-124
3,SI-92-53
3,SI-94-4
3,SI-94-5
3,SI-94-6
3,SI-94-62
3,SI-95-112
3,SI-95-118
3,SI-96-100
3,SI-96-120
3,SI-96-32
3,SI-97-111
3,SI-97-134
3,SI-97-32
3,SI-97-48
3,SI-97-49
3,SI-98-120
3,SI-98-49
3,SI-98-50
3,SI-98-51
3,SI-98-62
3,SI-99-11
3,SI-99-49
3,SI-99-50
3,SI-99-76
3,SOR-2000-1
3,SOR-2000-375
3,SOR-2000-60
3,SOR-2001-282
3,SOR-2001-283
3,SOR-2003-286
3,SOR-2004-15
3,SOR-2004-174
3,SOR-2005-200
3,SOR-2005-311
3,SOR-2005-334
3,SOR-2006-275
3,SOR-2006-50
3,SOR-2007-32
3,SOR-2008-252
3,SOR-2008-50
3,SOR-2009-182
3,SOR-2009-204
3,SOR-2010-147
3,SOR-2010-245
3,SOR-2010-290
3,SOR-2010-291
3,SOR-2013-132
3,SOR-2013-244
3,SOR-2013-82
3,SOR-2015-56
3,SOR-2015-68
3,SOR-2016-48
3,SOR-2016-76
3,SOR-2018-143
3,SOR-51-84
3,SOR-54-578
3,SOR-55-416
3,SOR-58-417
3,SOR-61-472
3,SOR-61-507
3,SOR-62-91
3,SOR-64-444
3,SOR-65-262
3,SOR-65-410
3,SOR-66-78
3,SOR-73-71
3,SOR-80-68
3,SOR-81-33b
3,SOR-84-48
3,SOR-86-1082
3,SOR-86-475
3,SOR-87-19
3,SOR-87-196
3,SOR-87-379
3,SOR-88-485
3,SOR-90-594
3,SOR-90-631
3,SOR-91-620
3,SOR-91-714
3,SOR-93-12
3,SOR-93-306
3,SOR-94-612
3,SOR-94-785
3,SOR-95-152
3,SOR-95-169
3,SOR-95-421
3,SOR-96-320
3,SOR-96-332
3,SOR-96-445
3,SOR-96-479
3,SOR-96-518
3,SOR-96-66
3,SOR-97-127
3,SOR-97-165
3,SOR-97-33
3,SOR-97-568
3,SOR-98-230
3,SOR-98-231
3,SOR-98-308
3,SOR-98-445
3,SOR-99-144
3,SOR-99-247
3,SOR-99-3
3,SOR-99-4
4,"C.R.C.,_c._1048"
4,"C.R.C.,_c._1058"
4,"C.R.C.,_c._1107"
4,"C.R.C.,_c._1254"
4,"C.R.C.,_c._1326"
4,"C.R.C.,_c._1330"
4,"C.R.C.,_c._1385"
4,"C.R.C.,_c._1386"
4,"C.R.C.,_c._1388"
4,"C.R.C.,_c._1501"
4,"C.R.C.,_c._1518"
4,"C.R.C.,_c._1520"
4,"C.R.C.,_c._1521"
4,"C.R.C.,_c._1578"
4,"C.R.C.,_c._1579"
4,"C.R.C.,_c._1590"
4,"C.R.C.,_c._1594"
4,"C.R.C.,_c._1603"
4,"C.R.C.,_c._19552561"
4,"C.R.C.,_c._320"
4,"C.R.C.,_c._322"
4,"C.R.C.,_c._332"
4,"C.R.C.,_c._343"
4,"C.R.C.,_c._345"
4,"C.R.C.,_c._347"
4,"C.R.C.,_c._348"
4,"C.R.C.,_c._349"
4,"C.R.C.,_c._354"
4,"C.R.C.,_c._398"
4,"C.R.C.,_c._399"
4,"C.R.C.,_c._591"
4,"C.R.C.,_c._599"
4,"C.R.C.,_c._645"
4,"C.R.C.,_c._675"
4,"C.R.C.,_c._698"
4,"C.R.C.,_c._708"
4,"C.R.C.,_c._710"
4,"C.R.C.,_c._723"
4,"C.R.C.,_c._730"
4,"C.R.C.,_c._770"
4,"C.R.C.,_c._772"
4,"C.R.C.,_c._794"
4,"C.R.C.,_c._864"
4,"C.R.C.,_c._911"
4,"C.R.C.,_c._945"
4,"C.R.C.,_c._953"
4,"C.R.C.,_c._954"
4,"C.R.C.,_c._956"
4,"C.R.C.,_c._966"
4,"C.R.C.,_c._967"
4,"C.R.C.,_c._968"
4,"C.R.C.,_c._969"
4,"C.R.C.,_c._970"
4,"C.R.C.,_c._971"
4,"C.R.C.,_c._984"
4,"C.R.C.,_c._986"
4,SI-2000-39
4,SI-2000-69
4,SI-2001-1
4,SI-2001-48
4,SI-2002-65
4,SI-2003-119
4,SI-2003-122
4,SI-2003-124
4,SI-2003-166
4,SI-2005-128
4,SI-2005-86
4,SI-2005-87
4,SI-2006-137
4,SI-2007-31
4,SI-2009-24
4,SI-2010-10
4,SI-2012-16
4,SI-2012-17
4,SI-2012-43
4,SI-2013-1
4,SI-2013-3
4,SI-2014-54
4,SI-2014-55
4,SI-2014-56
4,SI-2014-76
4,SI-2015-45
4,SI-2015-82
4,SI-2016-44
4,SI-2016-45
4,SI-2018-30
4,SI-45-7421
4,SI-79-19
4,SI-81-19
4,SI-81-27
4,SI-81-48
4,SI-85-144
4,SI-85-214
4,SI-88-112
4,SI-89-157
4,SI-90-116
4,SI-90-117
4,SI-90-118
4,SI-90-163
4,SI-91-153
4,SI-91-66
4,SI-92-210
4,SI-92-28
4,SI-92-98
4,SI-93-42
4,SI-93-44
4,SI-95-49
4,SI-95-52
4,SI-95-62
4,SI-97-127
4,SI-98-94
4,SI-99-130
4,SI-99-19
4,SI-99-21
4,SI-99-77
4,SI-99-82
4,SOR-2000-100
4,SOR-2000-143
4,SOR-2000-177
4,SOR-2000-42
4,SOR-2000-52
4,SOR-2000-53
4,SOR-2000-54
4,SOR-2000-77
4,SOR-2001-132
4,SOR-2001-171
4,SOR-2001-207
4,SOR-2001-317
4,SOR-2001-32
4,SOR-2001-360
4,SOR-2001-363
4,SOR-2001-364
4,SOR-2001-365
4,SOR-2001-366
4,SOR-2001-368
4,SOR-2001-376
4,SOR-2001-377
4,SOR-2001-382
4,SOR-2001-385
4,SOR-2001-387
4,SOR-2001-388
4,SOR-2001-389
4,SOR-2001-390
4,SOR-2001-391
4,SOR-2001-392
4,SOR-2001-393
4,SOR-2001-394
4,SOR-2001-395
4,SOR-2001-396
4,SOR-2001-397
4,SOR-2001-398
4,SOR-2001-399
4,SOR-2001-401
4,SOR-2001-402
4,SOR-2001-403
4,SOR-2001-404
4,SOR-2001-405
4,SOR-2001-406
4,SOR-2001-420
4,SOR-2001-424
4,SOR-2001-427
4,SOR-2001-428
4,SOR-2001-429
4,SOR-2001-430
4,SOR-2001-431
4,SOR-2001-432
4,SOR-2001-433
4,SOR-2001-434
4,SOR-2001-436
4,SOR-2001-437
4,SOR-2001-474
4,SOR-2001-475
4,SOR-2001-477
4,SOR-2001-478
4,SOR-2001-480
4,SOR-2001-484
4,SOR-2001-512
4,SOR-2001-527
4,SOR-2001-55
4,SOR-2001-56
4,SOR-2001-57
4,SOR-2001-58
4,SOR-2001-59
4,SOR-2002-132
4,SOR-2002-162
4,SOR-2002-163
4,SOR-2002-184
4,SOR-2002-264
4,SOR-2002-302
4,SOR-2002-450
4,SOR-2003-242
4,SOR-2003-301
4,SOR-2003-346
4,SOR-2003-61
4,SOR-2003-62
4,SOR-2003-63
4,SOR-2003-64
4,SOR-2003-65
4,SOR-2003-66
4,SOR-2003-67
4,SOR-2003-68
4,SOR-2003-69
4,SOR-2004-197
4,SOR-2004-199
4,SOR-2004-211
4,SOR-2004-221
4,SOR-2004-222
4,SOR-2004-62
4,SOR-2005-131
4,SOR-2005-151
4,SOR-2005-267
4,SOR-2005-30
4,SOR-2005-62
4,SOR-2006-104
4,SOR-2006-229
4,SOR-2006-230
4,SOR-2006-236
4,SOR-2006-244
4,SOR-2006-287
4,SOR-2006-299
4,SOR-2006-300
4,SOR-2006-301
4,SOR-2006-302
4,SOR-2006-303
4,SOR-2006-304
4,SOR-2006-305
4,SOR-2006-306
4,SOR-2006-307
4,SOR-2006-308
4,SOR-2006-309
4,SOR-2006-314
4,SOR-2006-315
4,SOR-2006-316
4,SOR-2006-317
4,SOR-2006-43
4,SOR-2007-121
4,SOR-2007-160
4,SOR-2007-201
4,SOR-2007-243
4,SOR-2007-245
4,SOR-2007-255
4,SOR-2007-256
4,SOR-2007-257
4,SOR-2007-258
4,SOR-2007-267
4,SOR-2007-285
4,SOR-2007-292
4,SOR-2007-303
4,SOR-2007-44
4,SOR-2008-116
4,SOR-2008-156
4,SOR-2008-158
4,SOR-2008-186
4,SOR-2008-222
4,SOR-2008-248
4,SOR-2008-319
4,SOR-2008-57
4,SOR-2008-58
4,SOR-2008-59
4,SOR-2008-60
4,SOR-2008-66
4,SOR-2008-67
4,SOR-2009-219
4,SOR-2009-271
4,SOR-2009-92
4,SOR-2010-117
4,SOR-2010-13
4,SOR-2010-150
4,SOR-2010-151
4,SOR-2010-165
4,SOR-2010-234
4,SOR-2010-65
4,SOR-2010-68
4,SOR-2010-84
4,SOR-2010-99
4,SOR-2011-114
4,SOR-2011-121
4,SOR-2011-201
4,SOR-2011-223
4,SOR-2011-317
4,SOR-2011-51
4,SOR-2011-55
4,SOR-2011-57
4,SOR-2011-78
4,SOR-2012-113
4,SOR-2012-231
4,SOR-2012-232
4,SOR-2012-253
4,SOR-2012-265
4,SOR-2012-268
4,SOR-2012-278
4,SOR-2012-281
4,SOR-2012-282
4,SOR-2012-294
4,SOR-2013-101
4,SOR-2013-119
4,SOR-2013-38
4,SOR-2013-39
4,SOR-2013-40
4,SOR-2013-48
4,SOR-2013-7
4,SOR-2014-13
4,SOR-2014-137
4,SOR-2014-163
4,SOR-2014-213
4,SOR-2014-235
4,SOR-2014-255
4,SOR-2014-44
4,SOR-2014-58
4,SOR-2014-60
4,SOR-2014-68
4,SOR-2014-69
4,SOR-2015-124
4,SOR-2015-130
4,SOR-2015-131
4,SOR-2015-165
4,SOR-2015-167
4,SOR-2015-168
4,SOR-2015-202
4,SOR-2016-21
4,SOR-2016-22
4,SOR-2016-23
4,SOR-2016-230
4,SOR-2016-24
4,SOR-2016-26
4,SOR-2016-283
4,SOR-2016-297
4,SOR-2016-307
4,SOR-2017-1
4,SOR-2017-165
4,SOR-2017-173
4,SOR-2017-204
4,SOR-2017-233
4,SOR-2017-245
4,SOR-2018-142
4,SOR-2018-167
4,SOR-2018-203
4,SOR-2018-57
4,SOR-2018-58
4,SOR-2018-59
4,SOR-49-42
4,SOR-54-743
4,SOR-66-506
4,SOR-67-56
4,SOR-70-527
4,SOR-72-395
4,SOR-72-90
4,SOR-72-91
4,SOR-73-558
4,SOR-73-681
4,SOR-75-24
4,SOR-78-21
4,SOR-78-22
4,SOR-78-286
4,SOR-79-319
4,SOR-79-416
4,SOR-80-182
4,SOR-80-310
4,SOR-80-325
4,SOR-81-1030
4,SOR-81-145
4,SOR-81-226
4,SOR-81-29
4,SOR-81-403
4,SOR-81-693
4,SOR-81-81
4,SOR-81-850
4,SOR-82-381
4,SOR-82-503
4,SOR-82-611
4,SOR-82-627
4,SOR-82-791
4,SOR-82-896
4,SOR-82-926
4,SOR-83-190
4,SOR-83-509
4,SOR-83-549
4,SOR-83-599
4,SOR-83-813
4,SOR-83-96
4,SOR-84-360
4,SOR-84-431
4,SOR-84-848
4,SOR-85-414
4,SOR-85-611
4,SOR-85-730
4,SOR-85-846
4,SOR-85-912
4,SOR-86-1127
4,SOR-86-259
4,SOR-86-262
4,SOR-86-438
4,SOR-86-490
4,SOR-86-524
4,SOR-86-895
4,SOR-86-982
4,SOR-87-210
4,SOR-87-218
4,SOR-87-220
4,SOR-87-239
4,SOR-87-272
4,SOR-87-315
4,SOR-87-348
4,SOR-87-402
4,SOR-87-505
4,SOR-87-631
4,SOR-87-95
4,SOR-87-96
4,SOR-88-181
4,SOR-88-456
4,SOR-88-467
4,SOR-88-503
4,SOR-88-58
4,SOR-88-601
4,SOR-89-469
4,SOR-90-151
4,SOR-90-289
4,SOR-90-58
4,SOR-90-774
4,SOR-91-21
4,SOR-91-25
4,SOR-91-26
4,SOR-91-28
4,SOR-91-33
4,SOR-91-34
4,SOR-91-36
4,SOR-91-37
4,SOR-91-44
4,SOR-91-45
4,SOR-91-49
4,SOR-91-51
4,SOR-91-53
4,SOR-91-75
4,SOR-92-25
4,SOR-92-26
4,SOR-92-272
4,SOR-92-274
4,SOR-92-277
4,SOR-92-278
4,SOR-92-279
4,SOR-92-280
4,SOR-92-281
4,SOR-92-297
4,SOR-92-299
4,SOR-92-301
4,SOR-92-309
4,SOR-92-313
4,SOR-92-314
4,SOR-92-315
4,SOR-92-325
4,SOR-92-326
4,SOR-92-327
4,SOR-92-349
4,SOR-92-350
4,SOR-92-352
4,SOR-92-353
4,SOR-92-354
4,SOR-92-356
4,SOR-92-502
4,SOR-92-528
4,SOR-92-529
4,SOR-92-530
4,SOR-92-531
4,SOR-92-584
4,SOR-92-745
4,SOR-93-169
4,SOR-93-392
4,SOR-93-441
4,SOR-93-516
4,SOR-94-142
4,SOR-94-168
4,SOR-94-303
4,SOR-94-410
4,SOR-94-602
4,SOR-94-667
4,SOR-94-81
4,SOR-95-206
4,SOR-95-223
4,SOR-95-226
4,SOR-95-257
4,SOR-95-279
4,SOR-95-314
4,SOR-95-329
4,SOR-95-76
4,SOR-96-13
4,SOR-96-188
4,SOR-96-249
4,SOR-96-275
4,SOR-96-276
4,SOR-96-277
4,SOR-96-337
4,SOR-97-144
4,SOR-97-175
4,SOR-97-192
4,SOR-97-239
4,SOR-97-240
4,SOR-97-473
4,SOR-97-555
4,SOR-98-127
4,SOR-98-129
4,SOR-98-130
4,SOR-98-179
4,SOR-98-180
4,SOR-98-488
4,SOR-98-568
4,SOR-98-569
4,SOR-99-101
4,SOR-99-120
4,SOR-99-122
4,SOR-99-128
4,SOR-99-129
4,SOR-99-141
4,SOR-99-176
4,SOR-99-182
4,SOR-99-190
4,SOR-99-256
4,SOR-99-275
4,SOR-99-295
4,SOR-99-381
4,SOR-99-383
4,SOR-99-444
4,SOR-99-467
5,"C.R.C.,_c._1027"
5,"C.R.C.,_c._128"
5,"C.R.C.,_c._129"
5,"C.R.C.,_c._130"
5,"C.R.C.,_c._1301"
5,"C.R.C.,_c._133"
5,"C.R.C.,_c._134"
5,"C.R.C.,_c._135"
5,"C.R.C.,_c._140"
5,"C.R.C.,_c._147"
5,"C.R.C.,_c._148"
5,"C.R.C.,_c._149"
5,"C.R.C.,_c._152"
5,"C.R.C.,_c._154"
5,"C.R.C.,_c._155"
5,"C.R.C.,_c._1566"
5,"C.R.C.,_c._160"
5,"C.R.C.,_c._162"
5,"C.R.C.,_c._164"
5,"C.R.C.,_c._165"
5,"C.R.C.,_c._166"
5,"C.R.C.,_c._167"
5,"C.R.C.,_c._168"
5,"C.R.C.,_c._169"
5,"C.R.C.,_c._170"
5,"C.R.C.,_c._176"
5,"C.R.C.,_c._177"
5,"C.R.C.,_c._178"
5,"C.R.C.,_c._179"
5,"C.R.C.,_c._180"
5,"C.R.C.,_c._181"
5,"C.R.C.,_c._182"
5,"C.R.C.,_c._183"
5,"C.R.C.,_c._186"
5,"C.R.C.,_c._194"
5,"C.R.C.,_c._198"
5,"C.R.C.,_c._201"
5,"C.R.C.,_c._207"
5,"C.R.C.,_c._208"
5,"C.R.C.,_c._209"
5,"C.R.C.,_c._211"
5,"C.R.C.,_c._212"
5,"C.R.C.,_c._213"
5,"C.R.C.,_c._215"
5,"C.R.C.,_c._216"
5,"C.R.C.,_c._217"
5,"C.R.C.,_c._218"
5,"C.R.C.,_c._220"
5,"C.R.C.,_c._221"
5,"C.R.C.,_c._223"
5,"C.R.C.,_c._224"
5,"C.R.C.,_c._225"
5,"C.R.C.,_c._226"
5,"C.R.C.,_c._228"
5,"C.R.C.,_c._229"
5,"C.R.C.,_c._232"
5,"C.R.C.,_c._233"
5,"C.R.C.,_c._235"
5,"C.R.C.,_c._236"
5,"C.R.C.,_c._237"
5,"C.R.C.,_c._238"
5,"C.R.C.,_c._239"
5,"C.R.C.,_c._240"
5,"C.R.C.,_c._243"
5,"C.R.C.,_c._258"
5,"C.R.C.,_c._259"
5,"C.R.C.,_c._260"
5,"C.R.C.,_c._268"
5,"C.R.C.,_c._269"
5,"C.R.C.,_c._270"
5,"C.R.C.,_c._271"
5,"C.R.C.,_c._272"
5,"C.R.C.,_c._273"
5,"C.R.C.,_c._274"
5,"C.R.C.,_c._275"
5,"C.R.C.,_c._276"
5,"C.R.C.,_c._277"
5,"C.R.C.,_c._280"
5,"C.R.C.,_c._281"
5,"C.R.C.,_c._659"
5,"C.R.C.,_c._990"
5,SI-2002-75
5,SI-2012-9
5,SI-89-125
5,SI-91-65
5,SI-92-102
5,SI-94-39
5,SI-99-47
5,SOR-2000-228
5,SOR-2000-233
5,SOR-2001-344
5,SOR-2001-345
5,SOR-2003-225
5,SOR-2004-150
5,SOR-2004-239
5,SOR-2004-304
5,SOR-2004-308
5,SOR-2007-166
5,SOR-2007-17
5,SOR-2007-252
5,SOR-2007-305
5,SOR-2008-244
5,SOR-2009-10
5,SOR-2009-320
5,SOR-2010-259
5,SOR-2010-278
5,SOR-2011-269
5,SOR-2011-33
5,SOR-2012-152
5,SOR-2012-248
5,SOR-2013-143
5,SOR-2013-144
5,SOR-2013-236
5,SOR-2013-238
5,SOR-2013-239
5,SOR-2013-240
5,SOR-2013-241
5,SOR-2013-242
5,SOR-2013-243
5,SOR-2014-321
5,SOR-2016-49
5,SOR-2016-88
5,SOR-2017-9
5,SOR-2018-133
5,SOR-2018-14
5,SOR-2018-198
5,SOR-2018-213
5,SOR-2018-27
5,SOR-2018-75
5,SOR-60-481
5,SOR-62-1
5,SOR-78-307
5,SOR-78-444
5,SOR-78-859
5,SOR-78-860
5,SOR-79-418
5,SOR-79-678
5,SOR-79-727
5,SOR-79-818
5,SOR-80-175
5,SOR-80-176
5,SOR-80-183
5,SOR-80-260
5,SOR-80-328
5,SOR-80-352
5,SOR-80-531
5,SOR-80-647
5,SOR-80-726
5,SOR-81-33a
5,SOR-81-49
5,SOR-81-515
5,SOR-81-549
5,SOR-81-677
5,SOR-82-359
5,SOR-82-42
5,SOR-82-719
5,SOR-83-713
5,SOR-84-1
5,SOR-84-190
5,SOR-84-435
5,SOR-84-686
5,SOR-84-835
5,SOR-85-1117
5,SOR-85-401
5,SOR-85-533
5,SOR-85-544
5,SOR-86-1111
5,SOR-86-239
5,SOR-86-669
5,SOR-87-403
5,SOR-87-553
5,SOR-87-663
5,SOR-87-701
5,SOR-88-292
5,SOR-88-307
5,SOR-88-407
5,SOR-88-465
5,SOR-88-527
5,SOR-89-19
5,SOR-89-30a
5,SOR-89-30b
5,SOR-89-348a
5,SOR-89-348b
5,SOR-89-445
5,SOR-90-158
5,SOR-90-530
5,SOR-91-315
5,SOR-91-39
5,SOR-91-7
5,SOR-92-118
5,SOR-92-201a
5,SOR-92-201b
5,SOR-92-293
5,SOR-92-608
5,SOR-92-91
5,SOR-93-108
5,SOR-93-139a
5,SOR-93-139b
5,SOR-93-154
5,SOR-93-172a
5,SOR-93-172b
5,SOR-93-195
5,SOR-93-382
5,SOR-93-95a
5,SOR-93-95b
5,SOR-94-356
5,SOR-94-466
5,SOR-94-511
5,SOR-94-626
5,SOR-94-627
5,SOR-94-628
5,SOR-94-719
5,SOR-94-720
5,SOR-94-721
5,SOR-95-153a
5,SOR-96-440
5,SOR-97-424
5,SOR-98-277
5,SOR-98-443
5,SOR-98-461
5,SOR-99-145
6,"C.R.C.,_c._1274"
6,"C.R.C.,_c._1283"
6,"C.R.C.,_c._1288"
6,"C.R.C.,_c._1292"
6,"C.R.C.,_c._1296"
6,"C.R.C.,_c._1298"
6,"C.R.C.,_c._1303"
6,"C.R.C.,_c._1309"
6,"C.R.C.,_c._1318"
6,"C.R.C.,_c._1319"
6,"C.R.C.,_c._1320"
6,"C.R.C.,_c._1367"
6,"C.R.C.,_c._1551"
6,"C.R.C.,_c._287"
6,"C.R.C.,_c._335"
6,"C.R.C.,_c._407"
6,"C.R.C.,_c._417"
6,"C.R.C.,_c._448"
6,"C.R.C.,_c._449"
6,"C.R.C.,_c._478"
6,"C.R.C.,_c._487"
6,"C.R.C.,_c._489"
6,"C.R.C.,_c._522"
6,"C.R.C.,_c._535"
6,"C.R.C.,_c._565"
6,"C.R.C.,_c._566"
6,"C.R.C.,_c._594"
6,"C.R.C.,_c._603"
6,"C.R.C.,_c._604"
6,"C.R.C.,_c._606"
6,"C.R.C.,_c._611"
6,"C.R.C.,_c._612"
6,"C.R.C.,_c._613"
6,"C.R.C.,_c._616"
6,"C.R.C.,_c._623"
6,"C.R.C.,_c._625"
6,"C.R.C.,_c._632"
6,"C.R.C.,_c._691"
6,"C.R.C.,_c._739"
6,"C.R.C.,_c._751"
6,"C.R.C.,_c._752"
6,"C.R.C.,_c._755"
6,"C.R.C.,_c._756"
6,"C.R.C.,_c._757"
6,"C.R.C.,_c._763"
6,"C.R.C.,_c._767"
6,"C.R.C.,_c._771"
6,"C.R.C.,_c._780"
6,"C.R.C.,_c._785"
6,"C.R.C.,_c._786"
6,"C.R.C.,_c._790"
6,"C.R.C.,_c._791"
6,"C.R.C.,_c._795"
6,"C.R.C.,_c._799"
6,"C.R.C.,_c._890"
6,SI-2001-28
6,SI-2003-112
6,SI-2003-164
6,SI-2005-59
6,SI-2009-61
6,SI-76-31
6,SI-78-162
6,SI-78-57
6,SI-79-2
6,SI-79-39
6,SI-79-72
6,SI-80-11
6,SI-80-176
6,SI-82-131
6,SI-82-229
6,SI-82-246
6,SI-82-42
6,SI-83-151
6,SI-83-178
6,SI-83-88
6,SI-84-167
6,SI-84-50
6,SI-84-51
6,SI-85-122
6,SI-85-133
6,SI-85-136
6,SI-85-181
6,SI-85-182
6,SI-85-20
6,SI-85-215
6,SI-85-219
6,SI-85-94
6,SI-86-161
6,SI-86-31
6,SI-86-41
6,SI-86-61
6,SI-87-102
6,SI-87-116
6,SI-88-106
6,SI-88-6
6,SI-89-121
6,SI-89-51
6,SI-91-10
6,SI-91-11
6,SI-91-84
6,SI-91-9
6,SI-92-202
6,SI-92-209
6,SI-93-80
6,SI-95-122
6,SI-95-33
6,SI-98-59
6,SOR-2000-214
6,SOR-2000-230
6,SOR-2000-273
6,SOR-2000-66
6,SOR-2001-161
6,SOR-2001-226
6,SOR-2001-251
6,SOR-2001-296
6,SOR-2001-65
6,SOR-2002-145
6,SOR-2002-260
6,SOR-2002-336
6,SOR-2002-348
6,SOR-2002-374
6,SOR-2002-395
6,SOR-2002-396
6,SOR-2002-397
6,SOR-2002-398
6,SOR-2002-399
6,SOR-2002-4
6,SOR-2002-401
6,SOR-2002-412
6,SOR-2002-65
6,SOR-2002-66
6,SOR-2003-115
6,SOR-2003-124
6,SOR-2003-15
6,SOR-2003-200
6,SOR-2003-202
6,SOR-2003-203
6,SOR-2003-205
6,SOR-2003-206
6,SOR-2003-219
6,SOR-2003-288
6,SOR-2003-323
6,SOR-2003-72
6,SOR-2003-73
6,SOR-2004-107
6,SOR-2004-129
6,SOR-2004-275
6,SOR-2005-106
6,SOR-2005-143
6,SOR-2005-22
6,SOR-2005-23
6,SOR-2005-256
6,SOR-2005-263
6,SOR-2005-338
6,SOR-2005-392
6,SOR-2006-261
6,SOR-2007-15
6,SOR-2007-16
6,SOR-2007-204
6,SOR-2007-49
6,SOR-2008-138
6,SOR-2008-185
6,SOR-2008-306
6,SOR-2009-199
6,SOR-2009-200
6,SOR-2009-215
6,SOR-2009-216
6,SOR-2010-130
6,SOR-2010-202
6,SOR-2010-220
6,SOR-2010-58
6,SOR-2010-88
6,SOR-2011-132
6,SOR-2011-133
6,SOR-2011-167
6,SOR-2011-177
6,SOR-2011-178
6,SOR-2011-7
6,SOR-2012-123
6,SOR-2012-160
6,SOR-2012-17
6,SOR-2012-18
6,SOR-2012-180
6,SOR-2012-181
6,SOR-2012-202
6,SOR-2012-203
6,SOR-2012-204
6,SOR-2012-205
6,SOR-2012-206
6,SOR-2012-207
6,SOR-2012-208
6,SOR-2012-209
6,SOR-2012-210
6,SOR-2012-211
6,SOR-2012-212
6,SOR-2012-213
6,SOR-2012-214
6,SOR-2012-215
6,SOR-2012-216
6,SOR-2012-89
6,SOR-2012-90
6,SOR-2013-1
6,SOR-2013-127
6,SOR-2013-161
6,SOR-2013-165
6,SOR-2013-214
6,SOR-2013-215
6,SOR-2013-216
6,SOR-2013-217
6,SOR-2013-51
6,SOR-2013-52
6,SOR-2013-88
6,SOR-2014-10
6,SOR-2014-181
6,SOR-2014-218
6,SOR-2014-219
6,SOR-2014-221
6,SOR-2014-270
6,SOR-2014-278
6,SOR-2014-283
6,SOR-2014-300
6,SOR-2014-301
6,SOR-2014-56
6,SOR-2015-114
6,SOR-2015-200
6,SOR-2016-103
6,SOR-2016-137
6,SOR-2016-140
6,SOR-2016-146
6,SOR-2016-152
6,SOR-2016-164
6,SOR-2016-166
6,SOR-2016-169
6,SOR-2016-172
6,SOR-2016-174
6,SOR-2016-177
6,SOR-2016-179
6,SOR-2016-183
6,SOR-2016-184
6,SOR-2016-188
6,SOR-2016-189
6,SOR-2016-194
6,SOR-2017-111
6,SOR-2017-140
6,SOR-2017-142
6,SOR-2017-174
6,SOR-2017-176
6,SOR-2017-177
6,SOR-2017-28
6,SOR-2018-145
6,SOR-2018-152
6,SOR-2018-153
6,SOR-2018-186
6,SOR-2018-205
6,SOR-2018-206
6,SOR-2018-82
6,SOR-2018-83
6,SOR-78-373
6,SOR-78-384
6,SOR-79-373
6,SOR-79-5
6,SOR-79-538
6,SOR-79-613
6,SOR-79-72
6,SOR-79-817
6,SOR-80-337
6,SOR-81-122
6,SOR-81-547
6,SOR-81-701
6,SOR-82-498
6,SOR-82-572
6,SOR-82-710
6,SOR-82-840
6,SOR-83-481
6,SOR-83-722
6,SOR-83-807
6,SOR-84-158
6,SOR-84-159
6,SOR-84-432
6,SOR-84-927
6,SOR-85-156
6,SOR-85-567
6,SOR-85-900
6,SOR-86-1010
6,SOR-86-1011
6,SOR-86-1012
6,SOR-86-1028
6,SOR-86-1062
6,SOR-86-1064
6,SOR-86-1065
6,SOR-86-1066
6,SOR-86-1067
6,SOR-86-1072
6,SOR-86-1078
6,SOR-86-1121
6,SOR-86-345
6,SOR-86-792
6,SOR-86-872
6,SOR-86-873
6,SOR-86-876
6,SOR-86-944
6,SOR-86-946
6,SOR-86-948
6,SOR-86-991
6,SOR-87-321
6,SOR-87-689
6,SOR-87-720
6,SOR-88-332
6,SOR-88-333
6,SOR-88-41
6,SOR-88-430
6,SOR-88-484
6,SOR-88-514
6,SOR-88-532
6,SOR-88-71
6,SOR-88-79
6,SOR-89-202
6,SOR-89-35
6,SOR-89-36
6,SOR-89-427
6,SOR-89-501
6,SOR-89-58
6,SOR-89-70
6,SOR-90-10
6,SOR-90-225
6,SOR-90-301
6,SOR-90-304
6,SOR-90-379
6,SOR-90-399
6,SOR-90-406
6,SOR-91-30
6,SOR-91-31
6,SOR-91-32
6,SOR-91-403
6,SOR-91-412
6,SOR-91-43
6,SOR-91-457
6,SOR-91-488
6,SOR-91-52
6,SOR-91-548
6,SOR-92-239
6,SOR-92-414
6,SOR-92-478
6,SOR-92-514
6,SOR-93-124
6,SOR-93-294
6,SOR-93-430
6,SOR-93-581
6,SOR-93-587
6,SOR-93-592
6,SOR-93-593
6,SOR-93-602
6,SOR-93-608
6,SOR-93-610
6,SOR-94-10
6,SOR-94-12
6,SOR-94-14
6,SOR-94-16
6,SOR-94-17
6,SOR-94-23
6,SOR-94-617
6,SOR-94-680
6,SOR-94-688
6,SOR-95-196
6,SOR-95-197
6,SOR-95-245
6,SOR-95-275
6,SOR-95-36
6,SOR-95-360
6,SOR-95-37
6,SOR-95-38
6,SOR-95-39
6,SOR-95-396
6,SOR-95-40
6,SOR-95-400
6,SOR-95-41
6,SOR-95-418
6,SOR-95-42
6,SOR-95-43
6,SOR-95-44
6,SOR-95-446
6,SOR-95-465
6,SOR-95-563
6,SOR-95-82
6,SOR-96-143
6,SOR-96-186
6,SOR-96-201
6,SOR-96-263
6,SOR-96-317
6,SOR-96-334
6,SOR-96-338
6,SOR-96-34
6,SOR-96-389
6,SOR-96-40
6,SOR-96-42
6,SOR-96-44
6,SOR-96-46
6,SOR-96-6
6,SOR-97-107
6,SOR-97-204
6,SOR-97-291
6,SOR-97-320
6,SOR-97-321
6,SOR-97-322
6,SOR-97-323
6,SOR-97-326
6,SOR-97-332
6,SOR-97-333
6,SOR-97-340
6,SOR-97-344
6,SOR-97-480
6,SOR-97-503
6,SOR-97-506
6,SOR-97-62
6,SOR-97-63
6,SOR-97-64
6,SOR-97-65
6,SOR-97-71
6,SOR-97-72
6,SOR-97-75
6,SOR-97-77
6,SOR-97-80
6,SOR-98-135
6,SOR-98-199
6,SOR-98-214
6,SOR-98-215
6,SOR-98-23
6,SOR-98-264
6,SOR-98-265
6,SOR-98-266
6,SOR-98-32
6,SOR-98-33
6,SOR-98-345
6,SOR-98-35
6,SOR-98-36
6,SOR-98-37
6,SOR-98-38
6,SOR-98-419
6,SOR-98-42
6,SOR-98-420
6,SOR-98-44
6,SOR-98-45
6,SOR-98-467
6,SOR-98-47
6,SOR-98-48
6,SOR-98-49
6,SOR-98-52
6,SOR-98-536
6,SOR-98-57
6,SOR-98-58
6,SOR-98-61
6,SOR-98-86
6,SOR-98-87
6,SOR-98-88
6,SOR-98-89
6,SOR-98-90
6,SOR-99-148
6,SOR-99-234
6,SOR-99-300
6,SOR-99-324
6,SOR-99-350
6,SOR-99-409
7,"C.R.C.,_c._1049"
7,"C.R.C.,_c._1332"
7,"C.R.C.,_c._1552"
7,"C.R.C.,_c._1560"
7,"C.R.C.,_c._1561"
7,"C.R.C.,_c._1598"
7,"C.R.C.,_c._368"
7,"C.R.C.,_c._369"
7,"C.R.C.,_c._950"
7,"C.R.C.,_c._952"
7,"C.R.C.,_c._957"
7,SI-2000-33
7,SI-2002-46
7,SI-2002-96
7,SI-2004-134
7,SI-2004-155
7,SI-2005-127
7,SI-2006-133
7,SI-2006-142
7,SI-2008-143
7,SI-2009-22
7,SI-2009-23
7,SI-2009-3
7,SI-2010-90
7,SI-2011-109
7,SI-2011-20
7,SI-2011-9
7,SI-2012-103
7,SI-2012-30
7,SI-2012-64
7,SI-2012-7
7,SI-2015-114
7,SI-2015-81
7,SI-2016-34
7,SI-2017-76
7,SI-2018-34
7,SI-2018-43
7,SI-2018-96
7,SI-77-174
7,SI-80-117
7,SI-81-86
7,SI-82-13
7,SI-86-137
7,SI-86-158
7,SI-87-28
7,SI-92-106
7,SI-92-2
7,SI-93-169
7,SI-93-53
7,SI-97-140
7,SI-98-78
7,SI-99-104
7,SOR-2000-132
7,SOR-2000-14
7,SOR-2000-211
7,SOR-2000-212
7,SOR-2000-294
7,SOR-2000-303
7,SOR-2000-306
7,SOR-2001-520
7,SOR-2002-156
7,SOR-2002-229
7,SOR-2002-230
7,SOR-2002-241
7,SOR-2002-284
7,SOR-2002-373
7,SOR-2002-416
7,SOR-2002-423
7,SOR-2002-54
7,SOR-2002-75
7,SOR-2003-28
7,SOR-2003-293
7,SOR-2003-347
7,SOR-2004-102
7,SOR-2004-130
7,SOR-2004-264
7,SOR-2004-53
7,SOR-2004-99
7,SOR-2005-10
7,SOR-2005-373
7,SOR-2005-380
7,SOR-2005-79
7,SOR-2005-99
7,SOR-2006-254
7,SOR-2006-6
7,SOR-2007-231
7,SOR-2007-232
7,SOR-2007-239
7,SOR-2007-241
7,SOR-2007-242
7,SOR-2007-272
7,SOR-2008-141
7,SOR-2008-143
7,SOR-2008-22
7,SOR-2010-20
7,SOR-2010-277
7,SOR-2011-108
7,SOR-2011-119
7,SOR-2011-170
7,SOR-2012-247
7,SOR-2012-255
7,SOR-2012-256
7,SOR-2012-257
7,SOR-2013-249
7,SOR-2013-60
7,SOR-2014-104
7,SOR-2014-176
7,SOR-2014-266
7,SOR-2014-289
7,SOR-2014-290
7,SOR-2014-291
7,SOR-2014-292
7,SOR-2014-293
7,SOR-2014-94
7,SOR-2015-103
7,SOR-2015-203
7,SOR-2015-86
7,SOR-2018-120
7,SOR-78-145
7,SOR-78-68
7,SOR-79-555
7,SOR-82-641
7,SOR-83-191
7,SOR-86-1070
7,SOR-86-1140
7,SOR-86-594
7,SOR-86-600
7,SOR-86-787
7,SOR-86-868
7,SOR-86-959
7,SOR-88-230
7,SOR-88-263
7,SOR-88-313
7,SOR-88-315
7,SOR-88-427
7,SOR-88-599
7,SOR-89-297
7,SOR-89-41
7,SOR-89-547
7,SOR-90-688a
7,SOR-90-688b
7,SOR-90-689
7,SOR-90-690
7,SOR-91-134
7,SOR-91-499
7,SOR-91-604
7,SOR-91-86
7,SOR-92-270
7,SOR-92-296
7,SOR-92-306
7,SOR-92-307
7,SOR-92-308
7,SOR-92-383
7,SOR-92-42
7,SOR-92-433
7,SOR-92-620
7,SOR-92-677
7,SOR-93-133
7,SOR-93-17
7,SOR-93-212
7,SOR-93-22
7,SOR-93-246
7,SOR-93-348
7,SOR-93-47
7,SOR-93-9
7,SOR-95-208
7,SOR-96-195
7,SOR-96-312
7,SOR-96-423
7,SOR-96-491
7,SOR-96-67
7,SOR-97-181
7,SOR-97-457
7,SOR-97-569
7,SOR-98-106
7,SOR-98-168
7,SOR-98-392
7,SOR-99-142
7,SOR-99-276
7,SOR-99-460
8,"C.R.C.,_c._101"
8,"C.R.C.,_c._102"
8,"C.R.C.,_c._103"
8,"C.R.C.,_c._1036"
8,"C.R.C.,_c._104"
8,"C.R.C.,_c._105"
8,"C.R.C.,_c._106"
8,"C.R.C.,_c._109"
8,"C.R.C.,_c._111"
8,"C.R.C.,_c._1112"
8,"C.R.C.,_c._112"
8,"C.R.C.,_c._113"
8,"C.R.C.,_c._114"
8,"C.R.C.,_c._115"
8,"C.R.C.,_c._116"
8,"C.R.C.,_c._117"
8,"C.R.C.,_c._118"
8,"C.R.C.,_c._121"
8,"C.R.C.,_c._122"
8,"C.R.C.,_c._123"
8,"C.R.C.,_c._125"
8,"C.R.C.,_c._1387"
8,"C.R.C.,_c._1530"
8,"C.R.C.,_c._1533"
8,"C.R.C.,_c._1535"
8,"C.R.C.,_c._1537"
8,"C.R.C.,_c._1540"
8,"C.R.C.,_c._1541"
8,"C.R.C.,_c._1609"
8,"C.R.C.,_c._75"
8,"C.R.C.,_c._77"
8,"C.R.C.,_c._78"
8,"C.R.C.,_c._79"
8,"C.R.C.,_c._80"
8,"C.R.C.,_c._81"
8,"C.R.C.,_c._82"
8,"C.R.C.,_c._83"
8,"C.R.C.,_c._84"
8,"C.R.C.,_c._87"
8,"C.R.C.,_c._88"
8,"C.R.C.,_c._89"
8,"C.R.C.,_c._90"
8,"C.R.C.,_c._91"
8,"C.R.C.,_c._92"
8,"C.R.C.,_c._93"
8,"C.R.C.,_c._95"
8,"C.R.C.,_c._98"
8,"C.R.C.,_c._99"
8,SI-2000-77
8,SI-2002-154
8,SI-2003-133
8,SI-2003-134
8,SI-2003-154
8,SI-2003-171
8,SI-2003-36
8,SI-2005-55
8,SI-2006-60
8,SI-2008-101
8,SI-2009-103
8,SI-2009-73
8,SI-2009-94
8,SI-2011-14
8,SI-2011-78
8,SI-2013-102
8,SI-2013-106
8,SI-2013-125
8,SI-2013-126
8,SI-2013-53
8,SI-2013-59
8,SI-2013-6
8,SI-2013-63
8,SI-2014-109
8,SI-2014-35
8,SI-2014-36
8,SI-2014-37
8,SI-2014-39
8,SI-2016-29
8,SI-80-114
8,SI-80-129
8,SI-81-90
8,SI-82-30
8,SI-84-62
8,SI-84-77
8,SI-85-142
8,SI-85-37
8,SI-86-150
8,SI-88-138
8,SI-92-107
8,SI-92-111
8,SI-92-139
8,SI-92-41
8,SI-92-74
8,SI-93-150
8,SI-95-23
8,SI-95-42
8,SI-95-56
8,SI-96-87
8,SI-97-93
8,SI-98-103
8,SI-98-3
8,SI-99-53
8,SOR-2001-493
8,SOR-2001-518
8,SOR-2002-138
8,SOR-2002-414
8,SOR-2004-212
8,SOR-2004-86
8,SOR-2005-6
8,SOR-2006-78
8,SOR-2007-277
8,SOR-2007-79
8,SOR-2009-231
8,SOR-2011-86
8,SOR-2012-91
8,SOR-2012-92
8,SOR-2012-93
8,SOR-2012-94
8,SOR-2012-95
8,SOR-2012-96
8,SOR-2012-97
8,SOR-2012-98
8,SOR-2014-16
8,SOR-2016-211
8,SOR-2017-103
8,SOR-2017-200
8,SOR-2017-201
8,SOR-2017-47
8,SOR-56-290
8,SOR-57-176
8,SOR-61-378
8,SOR-78-657
8,SOR-78-771
8,SOR-80-803
8,SOR-80-902
8,SOR-81-167
8,SOR-81-452
8,SOR-81-472
8,SOR-81-567
8,SOR-81-568
8,SOR-81-706
8,SOR-81-707
8,SOR-81-708
8,SOR-81-916
8,SOR-81-948
8,SOR-82-296
8,SOR-82-405
8,SOR-82-468
8,SOR-82-712
8,SOR-83-253
8,SOR-84-127
8,SOR-84-409
8,SOR-84-5
8,SOR-84-567
8,SOR-84-734
8,SOR-84-901
8,SOR-84-970
8,SOR-84-972
8,SOR-85-184
8,SOR-85-188
8,SOR-85-358
8,SOR-85-515
8,SOR-86-1135
8,SOR-87-100
8,SOR-87-375
8,SOR-87-449
8,SOR-87-453
8,SOR-87-602
8,SOR-87-603
8,SOR-87-604
8,SOR-87-605
8,SOR-87-641
8,SOR-87-7
8,SOR-87-705
8,SOR-87-706
8,SOR-88-124
8,SOR-88-125
8,SOR-88-126
8,SOR-88-148
8,SOR-88-447
8,SOR-88-450
8,SOR-88-509
8,SOR-89-236
8,SOR-89-93
8,SOR-90-297
8,SOR-90-739
8,SOR-90-793
8,SOR-90-794
8,SOR-90-818
8,SOR-91-101
8,SOR-91-171
8,SOR-91-172
8,SOR-91-173
8,SOR-91-253
8,SOR-91-484
8,SOR-92-100
8,SOR-92-142
8,SOR-92-21
8,SOR-92-22
8,SOR-92-343
8,SOR-92-648
8,SOR-92-649
8,SOR-92-67
8,SOR-92-68
8,SOR-92-69
8,SOR-93-293
8,SOR-93-325
8,SOR-93-326
8,SOR-93-327
8,SOR-93-385
8,SOR-93-387
8,SOR-93-388
8,SOR-93-408
8,SOR-93-409
8,SOR-93-410
8,SOR-93-522
8,SOR-93-523
8,SOR-93-524
8,SOR-93-74
8,SOR-94-119
8,SOR-94-120
8,SOR-94-121
8,SOR-94-123
8,SOR-94-241
8,SOR-94-386
8,SOR-94-556
8,SOR-94-591
8,SOR-95-345
8,SOR-95-346
8,SOR-95-347
8,SOR-95-495
8,SOR-95-505
8,SOR-95-506
8,SOR-95-507
8,SOR-95-508
8,SOR-95-545
8,SOR-95-558
8,SOR-95-559
8,SOR-96-133
8,SOR-96-401
8,SOR-96-93
8,SOR-98-380
8,SOR-99-123
9,SOR-2001-101
9,SOR-2001-102
9,SOR-2001-103
9,SOR-2001-104
9,SOR-2001-281
9,SOR-2001-471
9,SOR-2001-472
9,SOR-2001-473
9,SOR-2002-104
9,SOR-2002-105
9,SOR-2002-106
9,SOR-2002-133
9,SOR-2002-262
9,SOR-2002-263
9,SOR-2003-184
9,SOR-2003-297
9,SOR-2003-298
9,SOR-2003-299
9,SOR-2003-300
9,SOR-2008-180
9,SOR-2008-64
9,SOR-2008-65
9,SOR-2009-257
9,SOR-2010-239
9,SOR-2010-240
9,SOR-2010-241
9,SOR-2010-242
9,SOR-2010-292
9,SOR-2010-69
9,SOR-2011-98
9,SOR-2011-99
9,SOR-2012-23
9,SOR-2012-24
9,SOR-2013-209
9,SOR-92-321
9,SOR-92-322
9,SOR-92-324
9,SOR-92-328
9,SOR-92-330
9,SOR-92-331
9,SOR-96-542
9,SOR-97-11
9,SOR-98-128
9,SOR-99-224
9,SOR-99-270
9,SOR-99-272
9,SOR-99-278
9,SOR-99-279
9,SOR-99-388
